Control,Type,Air temperature (K),Process temperature (K),Rotational speed (rpm),Torque (Nm),Tool wear (min),Diagnostic
A,L,302.0,310.3,1648.0,,,No failure
A,L,302.1,310.8,1622.0,,,No failure
B,M,,,1276.0,65.9,,No failure
B,L,,,1370.0,52.4,,No failure
C,M,,,,37.2,228.0,No failure
A,M,302.8,312.2,1452.0,,,No failure
B,L,,,1715.0,26.8,,No failure
A,L,297.9,309.1,1504.0,,,No failure
C,M,,,,50.8,123.0,No failure
B,L,,,1498.0,38.1,,No failure
A,H,300.5,309.4,1642.0,,,No failure
A,M,298.1,307.8,1636.0,,,No failure
B,L,,,1445.0,48.5,,No failure
A,L,302.4,310.2,1633.0,,,No failure
A,L,300.0,311.4,1604.0,,,No failure
C,H,,,,58.5,93.0,No failure
C,L,,,,48.3,27.0,No failure
B,M,,,1549.0,35.5,,No failure
B,M,,,1426.0,42.6,,No failure
A,M,300.1,309.4,1349.0,,,No failure
C,M,,,,21.6,60.0,No failure
C,M,,,,37.6,171.0,No failure
B,L,,,1480.0,39.9,,No failure
C,L,,,,33.9,139.0,No failure
A,L,298.8,308.7,1450.0,,,No failure
B,H,,,1721.0,27.4,,No failure
B,L,,,2025.0,21.4,,No failure
A,M,299.4,310.7,1492.0,,,No failure
A,H,302.4,310.1,1597.0,,,No failure
B,M,,,1471.0,44.3,,No failure
A,L,299.0,310.1,1699.0,,,No failure
A,M,301.5,310.6,2432.0,,,No failure
B,M,,,1462.0,41.3,,No failure
C,L,,,,41.9,208.0,No failure
C,L,,,,34.5,115.0,No failure
A,L,302.9,310.8,1610.0,,,No failure
B,L,,,1452.0,39.8,,No failure
A,L,300.9,310.7,1509.0,,,No failure
A,L,297.6,308.3,1438.0,,,No failure
B,L,,,1483.0,39.9,,No failure
C,L,,,,41.8,71.0,No failure
C,L,,,,46.4,114.0,No failure
B,L,,,1412.0,44.1,,No failure
B,M,,,1659.0,33.1,,No failure
C,H,,,,40.2,51.0,No failure
C,L,,,,41.0,93.0,No failure
A,H,298.9,310.5,1429.0,,,No failure
C,L,,,,50.9,31.0,No failure
A,M,298.2,307.8,1578.0,,,No failure
A,L,295.8,306.5,1358.0,,,No failure
C,L,,,,34.6,207.0,No failure
A,L,300.0,310.4,1333.0,,,No failure
A,L,299.5,309.1,1476.0,,,No failure
C,L,,,,35.6,202.0,No failure
A,M,299.8,309.3,1663.0,,,No failure
C,M,,,,51.7,111.0,No failure
B,L,,,1689.0,30.6,,No failure
A,M,297.4,309.3,1499.0,,,No failure
B,M,,,1520.0,35.6,,No failure
A,L,301.4,309.9,1259.0,,,Heat Dissipation Failure
C,M,,,,48.1,145.0,No failure
C,M,,,,43.7,139.0,No failure
A,L,300.0,309.3,1395.0,,,No failure
A,L,303.5,312.0,1761.0,,,No failure
A,L,304.2,313.4,1568.0,,,No failure
C,L,,,,46.6,37.0,No failure
B,L,,,1445.0,45.2,,No failure
C,L,,,,39.0,153.0,No failure
C,L,,,,49.7,55.0,No failure
C,L,,,,56.3,203.0,Overstrain Failure
A,M,301.2,310.9,1460.0,,,No failure
B,L,,,1481.0,43.7,,No failure
B,M,,,1664.0,32.0,,No failure
A,M,299.1,308.4,1332.0,,,No failure
A,M,295.8,306.5,1514.0,,,No failure
B,L,,,1508.0,46.5,,No failure
A,M,298.1,309.1,1448.0,,,No failure
B,L,,,1454.0,50.6,,No failure
C,M,,,,42.6,2.0,No failure
C,L,,,,35.4,148.0,No failure
B,L,,,1451.0,40.6,,No failure
C,L,,,,37.3,103.0,No failure
C,L,,,,47.7,43.0,No failure
C,L,,,,49.4,117.0,No failure
B,L,,,1436.0,48.8,,No failure
B,M,,,1552.0,41.3,,No failure
C,M,,,,29.4,140.0,No failure
C,L,,,,43.1,31.0,No failure
B,L,,,1582.0,38.8,,No failure
B,M,,,1434.0,53.0,,No failure
C,L,,,,45.6,174.0,No failure
C,M,,,,46.1,102.0,No failure
B,L,,,1570.0,34.0,,No failure
C,L,,,,43.9,152.0,No failure
B,L,,,1708.0,28.8,,No failure
B,L,,,1959.0,22.3,,No failure
A,M,298.2,308.9,1585.0,,,No failure
B,L,,,1330.0,59.5,,No failure
A,L,300.1,310.6,1374.0,,,No failure
C,L,,,,41.6,62.0,No failure
C,M,,,,37.7,156.0,No failure
A,M,302.3,310.9,1558.0,,,No failure
B,L,,,1452.0,41.5,,No failure
A,L,299.3,309.2,1541.0,,,No failure
A,L,302.2,311.5,1725.0,,,No failure
C,M,,,,55.9,79.0,No failure
C,M,,,,46.1,175.0,No failure
B,L,,,1458.0,40.0,,No failure
A,L,298.7,309.8,1402.0,,,No failure
B,H,,,1428.0,43.4,,No failure
B,H,,,1871.0,26.0,,No failure
B,L,,,1446.0,44.5,,No failure
B,L,,,1598.0,35.4,,No failure
B,L,,,1513.0,32.9,,No failure
A,L,299.7,309.1,1473.0,,,No failure
C,M,,,,45.1,12.0,No failure
B,L,,,1402.0,51.7,,No failure
C,M,,,,44.7,173.0,No failure
C,M,,,,33.0,127.0,No failure
A,M,298.6,309.9,1668.0,,,No failure
C,L,,,,30.8,100.0,No failure
A,L,300.3,309.6,1568.0,,,No failure
A,L,298.8,310.6,1803.0,,,No failure
C,L,,,,27.0,22.0,No failure
C,H,,,,42.8,197.0,No failure
B,M,,,1567.0,34.5,,No failure
B,L,,,1624.0,34.6,,No failure
A,H,300.3,311.6,1427.0,,,No failure
B,M,,,1623.0,34.3,,No failure
A,M,298.8,310.3,1528.0,,,No failure
A,L,302.5,311.8,1335.0,,,No failure
A,M,298.8,309.7,1459.0,,,No failure
C,L,,,,43.7,153.0,No failure
A,L,296.8,307.6,1547.0,,,No failure
A,L,298.9,309.1,1369.0,,,No failure
A,M,303.9,313.2,1624.0,,,No failure
A,L,301.4,310.5,1476.0,,,No failure
B,L,,,1608.0,31.4,,No failure
A,L,299.2,308.4,1620.0,,,No failure
C,H,,,,52.9,80.0,No failure
A,L,300.0,311.5,1812.0,,,No failure
C,L,,,,39.5,23.0,No failure
A,M,297.5,308.7,1546.0,,,No failure
C,L,,,,45.8,123.0,No failure
C,L,,,,32.4,183.0,No failure
A,M,299.2,308.5,1742.0,,,No failure
C,L,,,,37.4,129.0,No failure
A,M,300.0,311.4,1864.0,,,No failure
C,L,,,,27.3,63.0,No failure
C,L,,,,27.0,225.0,Tool Wear Failure
B,L,,,1583.0,35.8,,No failure
C,L,,,,45.7,153.0,No failure
A,H,300.4,309.4,1487.0,,,No failure
C,L,,,,45.7,106.0,No failure
B,L,,,1341.0,52.2,,No failure
B,L,,,1356.0,65.3,,Power Failure
A,M,302.0,310.6,1535.0,,,No failure
A,H,300.9,310.8,1477.0,,,No failure
A,M,300.8,310.8,1461.0,,,No failure
B,L,,,1399.0,61.5,,Power Failure
A,L,298.6,309.5,1483.0,,,No failure
B,H,,,1545.0,35.9,,No failure
B,L,,,1781.0,27.8,,No failure
A,L,301.7,310.2,1331.0,,,Heat Dissipation Failure
A,L,295.6,306.0,1569.0,,,No failure
A,L,298.4,308.3,1452.0,,,No failure
B,L,,,1593.0,37.4,,No failure
B,L,,,1497.0,45.7,,No failure
B,L,,,1675.0,29.7,,No failure
C,M,,,,36.6,80.0,No failure
A,M,297.3,308.8,1586.0,,,No failure
A,L,301.7,311.0,1503.0,,,No failure
B,L,,,1331.0,52.1,,No failure
C,M,,,,42.8,50.0,No failure
B,L,,,1571.0,37.7,,No failure
A,M,302.0,310.4,1828.0,,,No failure
B,L,,,1384.0,45.9,,No failure
A,L,301.0,311.7,1670.0,,,No failure
B,L,,,1481.0,37.6,,No failure
A,L,298.7,309.7,1601.0,,,No failure
A,M,297.7,307.2,1372.0,,,No failure
B,L,,,1393.0,49.3,,No failure
C,L,,,,31.4,48.0,No failure
B,L,,,1570.0,36.1,,No failure
C,L,,,,29.6,188.0,No failure
A,L,299.2,308.4,1393.0,,,No failure
B,M,,,1627.0,30.8,,No failure
B,H,,,1352.0,52.0,,No failure
A,M,299.8,311.2,1706.0,,,No failure
B,L,,,1367.0,49.0,,No failure
A,L,299.1,310.2,1496.0,,,No failure
B,L,,,1440.0,43.3,,No failure
A,L,301.6,310.9,1532.0,,,No failure
B,L,,,1301.0,66.3,,Power Failure
B,L,,,1538.0,41.2,,No failure
C,L,,,,42.1,68.0,No failure
A,H,300.9,311.3,1668.0,,,No failure
C,L,,,,28.8,111.0,No failure
B,H,,,2161.0,16.5,,No failure
C,L,,,,36.4,135.0,No failure
A,L,301.8,310.7,1644.0,,,No failure
B,L,,,1495.0,38.6,,No failure
B,L,,,1437.0,43.3,,No failure
B,L,,,1492.0,44.6,,No failure
A,L,304.3,313.3,1775.0,,,No failure
B,H,,,1429.0,43.0,,No failure
A,L,300.4,311.1,1487.0,,,No failure
B,L,,,1280.0,59.3,,No failure
C,L,,,,29.0,52.0,No failure
C,L,,,,21.8,177.0,No failure
C,M,,,,33.6,67.0,No failure
B,L,,,1493.0,43.7,,No failure
A,L,298.7,309.1,1607.0,,,No failure
A,L,302.2,311.5,1567.0,,,No failure
A,L,298.3,308.5,1538.0,,,No failure
B,L,,,1658.0,34.8,,No failure
C,L,,,,39.0,214.0,Tool Wear Failure
B,M,,,1257.0,71.3,,Power Failure
A,L,300.9,310.0,1671.0,,,No failure
A,L,297.7,308.9,1742.0,,,No failure
B,L,,,1570.0,40.1,,No failure
A,M,300.6,309.4,1452.0,,,No failure
A,L,301.9,310.4,1610.0,,,No failure
A,M,302.6,311.4,1757.0,,,No failure
A,L,299.1,308.5,1647.0,,,No failure
C,M,,,,32.4,4.0,No failure
B,L,,,1755.0,30.4,,No failure
A,M,298.7,308.3,1349.0,,,No failure
A,M,298.8,309.8,1377.0,,,No failure
B,L,,,1483.0,42.5,,No failure
B,L,,,1671.0,28.8,,No failure
B,L,,,1521.0,45.1,,No failure
A,M,302.9,311.2,1330.0,,,Heat Dissipation Failure
C,L,,,,45.1,49.0,No failure
C,M,,,,52.0,214.0,No failure
B,L,,,1749.0,26.1,,No failure
B,M,,,1569.0,37.0,,No failure
C,M,,,,42.6,44.0,No failure
C,L,,,,53.6,94.0,No failure
C,L,,,,34.5,216.0,No failure
C,M,,,,41.6,15.0,No failure
B,M,,,1608.0,31.1,,No failure
B,M,,,1926.0,21.8,,No failure
B,M,,,1529.0,38.1,,No failure
A,H,300.5,311.6,1476.0,,,No failure
C,L,,,,34.9,57.0,No failure
A,H,298.2,309.0,1360.0,,,No failure
C,H,,,,36.4,26.0,No failure
C,L,,,,40.9,109.0,No failure
C,L,,,,40.8,71.0,No failure
C,L,,,,30.4,178.0,No failure
C,M,,,,44.9,115.0,No failure
A,L,299.6,309.1,1407.0,,,No failure
C,M,,,,50.1,104.0,No failure
A,L,297.5,308.6,1208.0,,,No failure
A,H,301.4,310.5,1421.0,,,No failure
C,M,,,,45.2,152.0,No failure
A,L,297.5,308.6,1793.0,,,No failure
A,L,300.1,311.3,1535.0,,,No failure
B,L,,,1772.0,23.5,,No failure
B,L,,,1443.0,43.5,,No failure
C,L,,,,34.0,19.0,No failure
B,L,,,1605.0,34.3,,No failure
A,L,297.2,308.3,1796.0,,,No failure
B,L,,,1869.0,22.9,,No failure
A,M,299.3,310.5,1563.0,,,No failure
B,M,,,1357.0,45.6,,No failure
C,L,,,,58.1,129.0,No failure
C,L,,,,56.8,88.0,No failure
B,L,,,1457.0,49.4,,No failure
B,L,,,1789.0,25.5,,No failure
C,M,,,,34.6,71.0,No failure
A,M,297.5,308.4,1403.0,,,No failure
B,L,,,1282.0,66.1,,No failure
A,L,297.0,308.1,1489.0,,,No failure
C,L,,,,22.4,79.0,No failure
C,L,,,,38.1,194.0,No failure
A,L,296.8,307.8,1565.0,,,No failure
A,L,298.2,309.2,1922.0,,,No failure
A,L,298.2,309.1,1569.0,,,No failure
A,M,301.4,310.6,1630.0,,,No failure
B,L,,,1555.0,38.2,,No failure
A,L,299.0,310.3,1868.0,,,No failure
B,L,,,1442.0,43.2,,No failure
C,L,,,,51.0,87.0,No failure
C,L,,,,31.5,64.0,No failure
A,H,304.1,313.2,1586.0,,,No failure
A,M,301.7,310.1,1743.0,,,No failure
A,L,297.1,308.4,1583.0,,,No failure
A,L,301.3,310.3,1313.0,,,No failure
C,M,,,,26.7,33.0,No failure
C,L,,,,45.9,100.0,No failure
A,M,302.6,312.0,1363.0,,,No failure
C,M,,,,46.1,147.0,No failure
C,M,,,,34.4,149.0,No failure
B,M,,,1421.0,60.7,,Power Failure
A,M,298.9,308.6,1524.0,,,No failure
B,L,,,1570.0,35.5,,Random Failures
C,M,,,,38.8,171.0,No failure
A,H,300.1,311.5,1422.0,,,No failure
A,L,299.8,310.5,1496.0,,,No failure
B,M,,,1952.0,21.6,,No failure
C,L,,,,32.3,180.0,No failure
A,M,302.7,310.8,1555.0,,,No failure
B,L,,,1577.0,40.0,,No failure
A,L,297.9,309.0,1629.0,,,No failure
B,M,,,1510.0,39.9,,No failure
A,M,298.7,310.0,1519.0,,,No failure
B,L,,,1366.0,49.3,,No failure
A,L,301.8,310.0,1642.0,,,No failure
A,L,298.1,308.9,1351.0,,,No failure
A,M,300.7,310.6,1474.0,,,No failure
A,L,300.7,310.4,1234.0,,,No failure
B,L,,,1451.0,38.2,,No failure
B,M,,,1350.0,56.5,,No failure
A,M,301.9,310.5,1590.0,,,No failure
B,M,,,1951.0,23.3,,No failure
A,L,302.5,311.5,1802.0,,,No failure
B,M,,,1385.0,44.8,,No failure
A,L,300.1,311.4,1572.0,,,No failure
B,L,,,1591.0,29.8,,No failure
B,M,,,1441.0,36.2,,No failure
B,L,,,1583.0,37.2,,No failure
C,L,,,,43.5,37.0,No failure
A,L,300.5,311.4,1400.0,,,No failure
B,L,,,1375.0,46.2,,No failure
B,L,,,1379.0,49.1,,No failure
A,L,297.2,308.4,1460.0,,,No failure
A,L,300.3,311.8,1488.0,,,No failure
A,L,300.9,312.2,1811.0,,,No failure
C,L,,,,34.3,180.0,No failure
A,L,299.0,310.1,1375.0,,,No failure
C,M,,,,44.9,136.0,No failure
B,H,,,1463.0,50.1,,No failure
A,L,296.9,307.7,1464.0,,,No failure
A,L,302.0,310.4,1336.0,,,Heat Dissipation Failure
B,L,,,1468.0,39.2,,No failure
C,M,,,,43.1,65.0,No failure
A,L,299.3,309.2,1465.0,,,No failure
C,H,,,,53.2,91.0,No failure
C,H,,,,35.3,51.0,No failure
C,L,,,,60.1,212.0,Overstrain Failure
B,M,,,1376.0,39.0,,No failure
C,M,,,,49.0,66.0,No failure
B,L,,,1390.0,50.3,,No failure
A,L,301.8,311.2,1334.0,,,No failure
C,L,,,,55.8,155.0,No failure
A,L,297.3,308.2,1490.0,,,No failure
C,L,,,,32.0,32.0,No failure
B,M,,,1246.0,52.9,,No failure
C,L,,,,22.7,79.0,No failure
A,L,303.1,311.3,1336.0,,,Heat Dissipation Failure
C,L,,,,49.0,223.0,No failure
B,L,,,1420.0,53.8,,No failure
A,H,297.4,309.3,1516.0,,,No failure
C,L,,,,45.0,82.0,No failure
A,L,302.6,311.9,1453.0,,,No failure
C,M,,,,37.1,73.0,No failure
C,H,,,,30.7,150.0,No failure
A,H,299.7,309.2,1302.0,,,No failure
C,M,,,,49.0,165.0,No failure
A,L,302.3,312.0,1354.0,,,No failure
C,L,,,,51.7,61.0,No failure
C,L,,,,52.0,107.0,No failure
B,M,,,1295.0,52.7,,No failure
C,H,,,,44.1,81.0,No failure
C,H,,,,30.5,45.0,No failure
A,M,301.6,309.9,1746.0,,,No failure
B,L,,,1886.0,21.2,,No failure
B,L,,,1400.0,54.0,,No failure
C,L,,,,39.7,20.0,No failure
C,L,,,,43.3,212.0,No failure
B,L,,,1381.0,47.9,,No failure
C,M,,,,37.0,47.0,No failure
A,L,302.4,310.8,1686.0,,,No failure
B,M,,,1497.0,46.8,,No failure
A,M,300.3,309.6,1509.0,,,No failure
C,M,,,,36.6,121.0,No failure
B,H,,,1465.0,44.1,,No failure
B,L,,,1502.0,42.4,,No failure
C,L,,,,30.0,24.0,No failure
C,L,,,,24.1,173.0,No failure
B,M,,,1525.0,38.5,,No failure
B,M,,,1789.0,25.0,,No failure
A,L,300.3,309.6,1404.0,,,No failure
B,L,,,1503.0,38.9,,No failure
A,L,298.9,309.9,1500.0,,,No failure
A,L,299.1,310.4,1527.0,,,No failure
A,L,296.7,307.9,1743.0,,,No failure
A,L,300.9,310.6,1552.0,,,No failure
A,L,302.5,311.9,1437.0,,,No failure
A,M,299.3,308.8,1648.0,,,No failure
A,H,303.6,312.2,1371.0,,,Heat Dissipation Failure
B,H,,,1671.0,31.8,,No failure
C,L,,,,54.1,90.0,No failure
A,M,302.1,310.0,1355.0,,,Heat Dissipation Failure
B,M,,,1679.0,28.7,,No failure
A,L,298.8,309.6,1613.0,,,No failure
A,L,304.0,312.9,1313.0,,,No failure
B,M,,,1620.0,29.4,,No failure
A,M,296.8,307.5,1516.0,,,No failure
C,L,,,,38.2,199.0,No failure
A,M,303.4,311.5,1483.0,,,No failure
A,M,298.2,309.1,1651.0,,,No failure
A,L,297.4,308.4,1573.0,,,No failure
A,M,298.7,309.8,1528.0,,,No failure
A,L,299.6,309.0,1472.0,,,No failure
A,L,299.7,309.3,1574.0,,,No failure
C,L,,,,36.9,61.0,No failure
A,H,299.0,308.5,1623.0,,,No failure
C,M,,,,45.9,132.0,No failure
C,L,,,,32.4,5.0,No failure
B,L,,,1441.0,40.1,,No failure
A,L,301.1,310.7,1334.0,,,No failure
B,L,,,1636.0,28.7,,No failure
C,L,,,,42.3,42.0,No failure
A,L,301.7,311.0,1343.0,,,No failure
B,L,,,1600.0,39.0,,No failure
C,L,,,,40.7,82.0,No failure
C,L,,,,40.9,49.0,No failure
A,M,295.6,306.1,1669.0,,,No failure
A,L,297.3,308.3,1484.0,,,No failure
B,M,,,1336.0,65.6,,Power Failure
B,L,,,1527.0,40.2,,No failure
A,H,302.0,310.9,1679.0,,,No failure
B,M,,,1303.0,68.6,,Power Failure
A,M,300.8,311.9,1621.0,,,No failure
A,M,298.1,307.9,1377.0,,,No failure
C,H,,,,36.1,212.0,No failure
A,M,296.3,307.2,1286.0,,,No failure
B,L,,,1512.0,37.2,,No failure
B,M,,,1488.0,41.9,,No failure
B,L,,,1435.0,45.0,,No failure
B,H,,,1419.0,46.4,,No failure
A,M,303.1,311.0,1510.0,,,No failure
C,M,,,,49.1,85.0,No failure
A,L,300.5,312.0,1415.0,,,No failure
A,L,300.7,311.8,1443.0,,,No failure
A,M,302.3,311.7,1453.0,,,No failure
C,L,,,,46.4,207.0,Random Failures
A,L,301.3,310.1,1531.0,,,No failure
C,L,,,,64.4,177.0,Overstrain Failure
B,L,,,1522.0,40.3,,No failure
B,L,,,1549.0,41.4,,No failure
C,M,,,,36.4,20.0,No failure
B,M,,,1469.0,43.9,,No failure
B,M,,,1738.0,30.3,,No failure
C,L,,,,50.3,101.0,No failure
B,L,,,1850.0,22.8,,No failure
A,M,301.5,311.0,1504.0,,,No failure
C,L,,,,43.6,196.0,No failure
C,L,,,,22.0,106.0,No failure
C,L,,,,55.4,57.0,No failure
C,H,,,,31.4,9.0,No failure
B,L,,,1721.0,27.2,,No failure
A,L,303.4,311.6,1712.0,,,No failure
C,H,,,,35.6,154.0,No failure
B,H,,,1650.0,32.2,,No failure
A,H,304.1,313.3,1689.0,,,No failure
B,H,,,1563.0,36.1,,No failure
A,L,302.2,311.3,1554.0,,,No failure
B,L,,,1874.0,24.4,,No failure
A,L,296.5,307.6,1607.0,,,No failure
C,M,,,,45.6,179.0,No failure
A,H,297.5,308.8,1824.0,,,No failure
C,M,,,,41.7,35.0,No failure
B,M,,,2010.0,18.9,,No failure
C,M,,,,47.9,29.0,No failure
B,L,,,1606.0,33.6,,No failure
C,M,,,,21.8,12.0,No failure
C,L,,,,41.2,156.0,No failure
A,H,303.8,313.2,1381.0,,,No failure
B,L,,,1511.0,37.7,,No failure
B,H,,,1477.0,52.3,,No failure
A,H,298.9,309.7,1407.0,,,No failure
B,L,,,1654.0,27.1,,No failure
B,L,,,1413.0,46.5,,No failure
C,L,,,,51.2,52.0,No failure
B,M,,,1280.0,64.1,,No failure
C,L,,,,40.5,222.0,Tool Wear Failure
A,L,300.3,309.3,1345.0,,,No failure
A,L,301.7,309.8,1491.0,,,No failure
C,L,,,,38.4,92.0,No failure
B,L,,,1415.0,52.1,,No failure
C,M,,,,43.0,50.0,No failure
A,M,300.7,311.3,1562.0,,,No failure
C,L,,,,40.8,183.0,No failure
C,M,,,,46.6,103.0,No failure
C,M,,,,32.1,42.0,No failure
A,L,298.5,309.5,1428.0,,,No failure
C,L,,,,32.5,63.0,No failure
A,M,300.6,310.8,1389.0,,,No failure
B,L,,,1523.0,41.9,,No failure
B,M,,,1478.0,36.3,,No failure
C,M,,,,42.2,30.0,No failure
B,H,,,1771.0,26.8,,No failure
B,M,,,1454.0,46.8,,No failure
B,H,,,1582.0,30.8,,No failure
B,L,,,1410.0,47.0,,No failure
B,M,,,2113.0,18.4,,No failure
B,L,,,1434.0,40.3,,No failure
A,M,298.1,309.6,1549.0,,,No failure
B,L,,,1552.0,38.9,,No failure
A,M,301.8,310.7,1465.0,,,No failure
C,L,,,,45.4,70.0,No failure
A,M,301.5,310.6,1424.0,,,No failure
C,L,,,,37.1,169.0,No failure
A,L,302.6,312.2,1377.0,,,No failure
B,H,,,1649.0,29.4,,No failure
A,L,297.5,308.9,1738.0,,,No failure
A,L,302.4,311.8,1727.0,,,No failure
B,L,,,1691.0,30.3,,No failure
A,M,297.3,308.3,1657.0,,,No failure
A,L,298.3,309.4,1378.0,,,No failure
B,L,,,1565.0,36.1,,No failure
A,L,297.5,309.2,1426.0,,,No failure
B,M,,,1469.0,54.8,,No failure
B,L,,,1773.0,23.8,,No failure
A,L,297.4,308.5,1486.0,,,No failure
C,M,,,,59.0,81.0,No failure
B,L,,,1676.0,30.5,,No failure
B,L,,,1927.0,24.6,,No failure
B,M,,,1408.0,47.9,,No failure
A,L,298.3,307.9,1435.0,,,No failure
B,M,,,1458.0,43.4,,No failure
C,M,,,,42.0,181.0,No failure
A,M,297.4,309.0,1497.0,,,No failure
C,L,,,,60.5,112.0,No failure
A,L,299.1,310.1,1416.0,,,No failure
C,M,,,,21.9,101.0,No failure
A,M,301.8,311.5,1416.0,,,No failure
C,M,,,,49.6,75.0,No failure
C,L,,,,45.1,179.0,No failure
C,M,,,,39.3,195.0,No failure
B,L,,,1410.0,51.6,,No failure
B,L,,,1490.0,37.9,,No failure
B,M,,,1641.0,33.0,,No failure
C,M,,,,47.9,80.0,No failure
A,H,301.2,310.7,1656.0,,,No failure
C,L,,,,41.2,154.0,No failure
A,L,299.2,308.5,1438.0,,,No failure
A,L,300.7,310.8,1925.0,,,No failure
C,L,,,,32.2,39.0,No failure
B,M,,,1483.0,41.9,,No failure
C,L,,,,38.8,53.0,No failure
C,L,,,,37.2,16.0,No failure
C,L,,,,48.6,109.0,No failure
A,L,300.7,310.9,1723.0,,,No failure
B,M,,,1582.0,33.3,,No failure
A,L,301.6,310.1,1326.0,,,Heat Dissipation Failure
C,M,,,,44.8,148.0,No failure
A,L,297.3,308.3,1430.0,,,No failure
C,L,,,,25.7,51.0,No failure
A,M,303.9,313.2,1350.0,,,No failure
C,L,,,,35.1,149.0,No failure
B,M,,,1562.0,34.2,,No failure
A,L,302.1,310.9,1658.0,,,No failure
B,L,,,1530.0,35.5,,No failure
A,L,298.3,308.6,1499.0,,,No failure
B,H,,,1436.0,45.6,,No failure
A,L,300.5,311.5,1661.0,,,No failure
B,L,,,1644.0,31.7,,No failure
B,H,,,1872.0,22.6,,No failure
C,M,,,,57.9,113.0,No failure
C,M,,,,34.3,188.0,No failure
A,M,300.6,310.0,1542.0,,,No failure
A,L,302.2,311.4,2080.0,,,No failure
C,L,,,,37.7,126.0,No failure
A,M,303.4,311.4,1606.0,,,No failure
B,M,,,1450.0,39.4,,No failure
C,L,,,,38.0,99.0,No failure
C,L,,,,30.3,124.0,No failure
B,H,,,1625.0,37.3,,No failure
B,M,,,1576.0,38.8,,No failure
A,H,303.0,312.5,1507.0,,,No failure
A,H,297.3,308.6,1431.0,,,No failure
B,L,,,1357.0,52.6,,No failure
A,H,296.4,307.5,1403.0,,,No failure
C,M,,,,37.6,116.0,No failure
C,L,,,,21.7,56.0,No failure
B,M,,,1389.0,43.3,,No failure
B,L,,,1432.0,48.9,,No failure
A,L,297.1,308.1,1754.0,,,No failure
C,H,,,,43.2,148.0,No failure
C,M,,,,36.6,143.0,No failure
A,L,297.1,308.1,1584.0,,,No failure
B,L,,,1452.0,39.0,,No failure
B,M,,,1406.0,48.8,,No failure
B,L,,,1436.0,36.5,,No failure
A,L,299.0,308.7,1892.0,,,No failure
A,M,298.7,309.8,1343.0,,,No failure
C,L,,,,43.8,88.0,No failure
C,L,,,,43.9,84.0,No failure
B,L,,,1942.0,20.6,,No failure
B,M,,,1496.0,45.0,,No failure
C,L,,,,47.2,3.0,No failure
C,L,,,,48.1,198.0,No failure
A,M,297.8,309.8,1798.0,,,No failure
C,L,,,,40.6,89.0,No failure
B,M,,,1316.0,57.2,,No failure
A,L,299.9,311.4,1596.0,,,No failure
B,M,,,1436.0,47.0,,No failure
B,L,,,1433.0,39.5,,No failure
B,M,,,1284.0,55.3,,No failure
C,M,,,,28.9,127.0,No failure
C,L,,,,23.0,6.0,No failure
A,M,298.9,310.1,1549.0,,,No failure
A,L,297.9,308.5,1519.0,,,No failure
A,L,304.0,313.2,1416.0,,,No failure
C,L,,,,28.6,190.0,No failure
A,L,299.7,309.2,1346.0,,,No failure
A,L,298.6,309.7,1703.0,,,No failure
A,M,301.8,311.1,1399.0,,,No failure
A,L,304.1,313.1,1969.0,,,No failure
B,L,,,1511.0,42.8,,No failure
A,L,300.9,311.0,1432.0,,,No failure
C,L,,,,29.2,110.0,No failure
C,L,,,,25.2,148.0,No failure
B,M,,,1352.0,44.7,,No failure
B,L,,,1414.0,47.0,,No failure
B,M,,,1752.0,25.2,,No failure
A,M,303.4,312.2,1615.0,,,No failure
B,L,,,1490.0,41.1,,No failure
B,L,,,1637.0,37.2,,No failure
B,L,,,2194.0,16.5,,No failure
B,H,,,1517.0,36.0,,No failure
A,L,300.2,310.1,1523.0,,,No failure
B,M,,,1439.0,43.0,,No failure
C,L,,,,44.8,178.0,No failure
C,M,,,,46.6,54.0,No failure
C,L,,,,49.5,10.0,No failure
A,H,297.9,308.0,1800.0,,,No failure
B,L,,,1579.0,36.4,,No failure
B,L,,,1515.0,40.1,,No failure
C,M,,,,21.8,84.0,No failure
B,M,,,1440.0,38.8,,No failure
C,M,,,,44.0,37.0,No failure
A,L,299.4,308.6,1746.0,,,No failure
A,L,300.9,310.7,1477.0,,,No failure
C,L,,,,37.8,45.0,No failure
C,M,,,,38.5,113.0,No failure
B,H,,,1463.0,39.1,,No failure
A,L,301.7,310.7,1318.0,,,No failure
B,L,,,1606.0,30.8,,No failure
C,L,,,,47.1,213.0,No failure
A,L,297.3,308.0,1420.0,,,No failure
A,L,299.8,309.4,1630.0,,,No failure
A,L,299.6,309.2,1602.0,,,No failure
C,L,,,,40.8,169.0,No failure
C,L,,,,49.6,94.0,No failure
C,L,,,,52.1,211.0,No failure
B,M,,,1433.0,41.8,,No failure
B,L,,,1550.0,41.5,,No failure
B,L,,,1393.0,50.3,,No failure
C,M,,,,38.3,93.0,No failure
A,L,300.4,310.5,1578.0,,,No failure
B,L,,,1448.0,46.3,,No failure
A,H,297.3,308.8,1564.0,,,No failure
A,L,298.2,307.8,1521.0,,,No failure
A,L,301.9,310.4,1376.0,,,Heat Dissipation Failure
A,L,297.6,308.6,1326.0,,,No failure
B,M,,,1441.0,40.6,,No failure
A,L,300.3,309.1,1699.0,,,No failure
C,M,,,,43.4,67.0,No failure
A,L,302.2,310.8,1744.0,,,No failure
C,H,,,,18.7,126.0,No failure
C,H,,,,41.0,179.0,No failure
A,L,296.4,307.5,1331.0,,,No failure
C,L,,,,27.5,146.0,No failure
B,H,,,1506.0,37.0,,No failure
A,L,299.0,310.3,1428.0,,,No failure
B,L,,,1529.0,34.1,,No failure
C,M,,,,30.3,64.0,No failure
C,H,,,,50.7,25.0,No failure
B,L,,,1609.0,34.0,,No failure
A,L,300.7,311.0,1596.0,,,No failure
A,H,298.8,310.3,1708.0,,,No failure
A,M,298.1,309.1,1572.0,,,No failure
C,L,,,,46.6,102.0,No failure
A,H,303.9,313.1,1790.0,,,No failure
C,L,,,,44.0,65.0,No failure
B,M,,,1464.0,44.2,,No failure
C,M,,,,37.5,42.0,No failure
B,L,,,1759.0,24.8,,No failure
C,L,,,,27.3,69.0,No failure
B,H,,,1432.0,43.6,,No failure
C,L,,,,42.6,164.0,No failure
C,L,,,,24.2,125.0,No failure
C,L,,,,49.8,143.0,No failure
B,L,,,1800.0,26.0,,No failure
C,M,,,,29.9,35.0,No failure
A,L,302.0,310.5,1651.0,,,No failure
A,L,301.3,310.3,1419.0,,,No failure
B,L,,,1474.0,50.7,,No failure
B,L,,,1534.0,37.9,,No failure
A,H,301.1,311.3,2207.0,,,No failure
C,M,,,,29.4,141.0,No failure
C,L,,,,27.0,138.0,No failure
B,L,,,1560.0,31.8,,No failure
A,H,298.5,309.4,2011.0,,,No failure
A,L,302.3,310.1,1321.0,,,Heat Dissipation Failure
C,L,,,,39.4,122.0,No failure
A,L,298.7,309.6,1502.0,,,No failure
A,M,298.5,308.0,1461.0,,,No failure
B,M,,,1391.0,50.6,,No failure
B,H,,,1483.0,47.2,,No failure
A,L,302.4,310.2,2224.0,,,No failure
A,L,298.8,309.8,1437.0,,,No failure
C,L,,,,37.8,91.0,No failure
C,L,,,,26.9,111.0,No failure
B,M,,,1378.0,53.5,,No failure
A,L,302.3,311.2,1386.0,,,No failure
C,L,,,,25.8,29.0,No failure
C,L,,,,39.1,17.0,No failure
A,L,298.4,307.9,1981.0,,,No failure
B,L,,,1306.0,50.7,,No failure
B,M,,,1524.0,38.4,,No failure
C,M,,,,42.5,35.0,No failure
A,M,301.1,311.1,2089.0,,,No failure
A,M,299.8,311.1,1763.0,,,No failure
B,L,,,1321.0,60.8,,No failure
B,M,,,1347.0,54.3,,No failure
A,H,296.9,307.9,1547.0,,,No failure
A,L,299.0,309.4,1798.0,,,No failure
C,M,,,,45.3,205.0,No failure
B,L,,,1569.0,34.4,,No failure
B,L,,,1689.0,30.8,,No failure
C,L,,,,41.6,146.0,No failure
A,M,298.8,310.0,1484.0,,,No failure
B,L,,,1689.0,32.1,,No failure
C,L,,,,41.9,157.0,No failure
A,M,298.5,308.0,1713.0,,,No failure
C,L,,,,45.4,90.0,No failure
B,M,,,1430.0,47.2,,No failure
A,M,295.6,306.3,1426.0,,,No failure
A,L,300.2,311.5,1500.0,,,No failure
A,L,301.6,310.4,1561.0,,,No failure
C,L,,,,49.0,61.0,No failure
A,M,303.6,312.4,1504.0,,,No failure
A,M,298.1,309.0,1976.0,,,No failure
C,M,,,,47.4,112.0,No failure
B,L,,,1517.0,44.3,,No failure
B,L,,,1471.0,45.2,,No failure
B,M,,,2344.0,15.2,,No failure
B,M,,,1497.0,38.4,,No failure
C,M,,,,64.0,87.0,No failure
A,M,300.6,309.9,1449.0,,,No failure
B,L,,,1475.0,51.0,,No failure
C,L,,,,31.1,195.0,No failure
B,L,,,1589.0,33.5,,No failure
C,M,,,,34.7,95.0,No failure
A,H,301.9,310.8,1455.0,,,No failure
C,M,,,,44.5,124.0,No failure
B,L,,,2633.0,12.2,,Power Failure
B,L,,,1710.0,27.3,,No failure
C,L,,,,47.5,32.0,No failure
C,L,,,,30.6,127.0,No failure
C,L,,,,37.2,15.0,No failure
C,L,,,,43.9,116.0,No failure
C,L,,,,34.4,9.0,No failure
B,M,,,1568.0,37.5,,No failure
A,M,297.9,307.3,1420.0,,,No failure
A,L,299.5,309.4,1563.0,,,No failure
B,H,,,1419.0,39.6,,No failure
B,L,,,1442.0,47.3,,No failure
C,M,,,,37.2,103.0,No failure
C,H,,,,26.2,8.0,No failure
C,L,,,,53.6,193.0,No failure
C,M,,,,29.6,115.0,No failure
B,L,,,2218.0,17.0,,No failure
C,H,,,,44.1,188.0,No failure
C,L,,,,42.5,54.0,No failure
B,L,,,1525.0,39.0,,No failure
C,H,,,,28.3,175.0,No failure
B,L,,,1670.0,29.6,,No failure
C,L,,,,32.0,166.0,No failure
B,M,,,1625.0,32.8,,No failure
A,L,299.1,308.9,1467.0,,,No failure
C,L,,,,67.5,208.0,Overstrain Failure
C,L,,,,46.9,75.0,No failure
B,L,,,1579.0,28.0,,No failure
A,H,299.0,310.0,1387.0,,,No failure
C,L,,,,39.0,26.0,No failure
C,L,,,,54.6,226.0,Overstrain Failure
C,H,,,,38.7,39.0,No failure
C,L,,,,59.1,203.0,Overstrain Failure
C,L,,,,38.2,160.0,No failure
C,L,,,,36.4,170.0,No failure
A,L,302.0,311.3,1567.0,,,No failure
B,L,,,1441.0,44.6,,No failure
A,L,298.6,310.1,1439.0,,,No failure
C,M,,,,40.8,32.0,No failure
B,L,,,2174.0,16.9,,No failure
B,L,,,2270.0,14.6,,Power Failure
C,M,,,,54.5,75.0,No failure
C,L,,,,51.8,97.0,No failure
B,L,,,1607.0,33.5,,No failure
A,M,300.9,310.8,1519.0,,,No failure
B,L,,,1622.0,34.9,,No failure
A,M,302.0,310.5,1425.0,,,No failure
C,L,,,,57.8,195.0,Overstrain Failure
C,H,,,,50.7,122.0,No failure
C,H,,,,32.1,155.0,No failure
A,L,300.6,311.1,1471.0,,,No failure
C,L,,,,29.1,161.0,No failure
C,L,,,,58.1,83.0,No failure
A,M,301.5,310.7,1359.0,,,No failure
A,M,301.4,311.2,1541.0,,,No failure
B,M,,,1903.0,21.2,,No failure
A,L,303.3,312.7,1643.0,,,No failure
A,L,298.3,310.1,1545.0,,,No failure
A,M,299.5,310.1,1359.0,,,No failure
B,M,,,1415.0,55.8,,No failure
C,L,,,,39.2,2.0,No failure
C,M,,,,53.0,115.0,No failure
A,M,303.7,312.3,1756.0,,,No failure
B,H,,,1706.0,31.8,,No failure
C,M,,,,47.9,189.0,No failure
B,L,,,1463.0,48.3,,No failure
B,L,,,1402.0,45.9,,No failure
B,M,,,1475.0,47.8,,No failure
A,L,298.5,309.2,1504.0,,,No failure
C,H,,,,33.2,55.0,No failure
C,L,,,,43.7,138.0,No failure
C,L,,,,18.8,30.0,No failure
C,M,,,,37.1,131.0,No failure
B,M,,,1414.0,51.6,,No failure
B,L,,,1389.0,46.2,,No failure
C,M,,,,36.7,78.0,No failure
B,L,,,1540.0,39.8,,No failure
B,L,,,1386.0,46.6,,No failure
C,M,,,,52.1,210.0,No failure
A,M,299.5,309.3,1506.0,,,No failure
C,H,,,,27.6,69.0,No failure
A,L,298.6,309.5,1730.0,,,No failure
C,M,,,,35.8,122.0,No failure
C,L,,,,47.0,18.0,No failure
A,L,300.0,311.4,1487.0,,,No failure
A,M,300.2,309.5,1564.0,,,No failure
B,M,,,1400.0,43.2,,No failure
A,L,299.5,309.1,1336.0,,,No failure
C,M,,,,55.8,188.0,No failure
C,L,,,,37.8,206.0,Tool Wear Failure
C,L,,,,39.9,48.0,No failure
C,L,,,,38.7,136.0,No failure
B,M,,,1607.0,31.9,,No failure
A,L,297.4,308.1,1435.0,,,No failure
B,L,,,1529.0,42.2,,No failure
C,L,,,,34.6,65.0,No failure
C,M,,,,58.7,130.0,No failure
C,L,,,,39.4,236.0,No failure
A,L,300.7,310.8,1486.0,,,No failure
C,L,,,,42.3,86.0,No failure
C,L,,,,32.8,215.0,No failure
C,M,,,,41.0,181.0,No failure
A,M,297.5,309.2,1530.0,,,No failure
C,L,,,,48.0,13.0,No failure
B,M,,,1490.0,43.0,,No failure
A,L,302.3,311.2,1297.0,,,No failure
B,H,,,1498.0,38.5,,No failure
C,L,,,,56.4,100.0,No failure
A,L,300.6,310.7,1455.0,,,No failure
B,L,,,1760.0,30.6,,No failure
C,L,,,,53.3,68.0,No failure
C,M,,,,28.1,133.0,No failure
A,L,298.8,309.7,1374.0,,,No failure
A,L,298.2,308.1,1462.0,,,No failure
C,L,,,,37.0,114.0,No failure
A,L,298.9,308.9,1450.0,,,No failure
A,H,297.8,308.4,1550.0,,,No failure
C,M,,,,28.2,161.0,No failure
C,M,,,,23.9,137.0,No failure
A,L,302.2,311.9,1596.0,,,No failure
A,L,302.6,310.4,1359.0,,,Heat Dissipation Failure
A,L,303.8,312.9,1819.0,,,No failure
C,H,,,,31.8,27.0,No failure
A,L,302.3,311.0,1657.0,,,No failure
A,H,297.2,308.5,2440.0,,,No failure
C,H,,,,45.8,163.0,No failure
C,M,,,,41.4,153.0,No failure
A,M,302.8,312.3,1432.0,,,No failure
A,L,300.2,311.6,1356.0,,,No failure
A,H,302.2,311.6,1594.0,,,No failure
A,M,300.7,310.8,1506.0,,,No failure
B,L,,,1524.0,39.8,,No failure
A,M,301.1,310.7,1621.0,,,No failure
B,M,,,1487.0,43.2,,No failure
B,L,,,1891.0,22.6,,No failure
A,L,300.6,309.4,1425.0,,,No failure
C,L,,,,42.0,177.0,No failure
C,L,,,,50.9,178.0,No failure
A,M,302.0,310.4,1567.0,,,No failure
B,L,,,1575.0,35.0,,No failure
A,L,297.9,309.0,1528.0,,,No failure
A,L,301.8,310.8,1456.0,,,No failure
A,L,301.3,310.7,1536.0,,,No failure
B,L,,,1487.0,37.5,,No failure
B,M,,,1442.0,45.1,,No failure
B,M,,,1450.0,46.9,,No failure
C,H,,,,54.6,15.0,No failure
B,L,,,1650.0,34.6,,No failure
A,L,299.6,309.0,1378.0,,,No failure
C,L,,,,42.4,131.0,No failure
B,H,,,1503.0,37.0,,No failure
B,M,,,1450.0,45.7,,No failure
C,L,,,,42.9,212.0,No failure
C,H,,,,49.8,151.0,No failure
B,L,,,1324.0,52.4,,No failure
A,L,303.4,311.9,1771.0,,,No failure
A,L,301.3,310.6,1529.0,,,No failure
B,L,,,1611.0,36.4,,No failure
A,L,299.8,311.2,1533.0,,,No failure
B,L,,,1420.0,44.1,,No failure
C,L,,,,47.5,168.0,No failure
B,L,,,1617.0,33.0,,No failure
C,M,,,,56.6,39.0,No failure
C,M,,,,44.7,205.0,No failure
A,H,300.5,312.0,1375.0,,,No failure
B,L,,,1578.0,44.4,,No failure
A,H,298.8,310.1,1380.0,,,No failure
A,L,301.9,310.4,1286.0,,,Heat Dissipation Failure
A,M,298.7,309.6,1686.0,,,No failure
B,M,,,1768.0,23.9,,No failure
B,M,,,1377.0,44.9,,No failure
A,L,298.7,309.9,1651.0,,,No failure
A,L,300.9,311.0,1316.0,,,No failure
A,L,299.5,309.3,1409.0,,,No failure
C,L,,,,50.6,108.0,No failure
A,L,297.8,307.7,1393.0,,,No failure
C,H,,,,38.0,198.0,No failure
B,L,,,1643.0,34.7,,No failure
A,L,300.6,311.7,1428.0,,,No failure
B,L,,,1581.0,34.9,,No failure
C,L,,,,58.4,189.0,Overstrain Failure
C,L,,,,23.2,155.0,No failure
C,L,,,,56.8,46.0,No failure
A,H,302.4,312.0,1457.0,,,No failure
B,M,,,1402.0,69.7,,Power Failure
A,L,299.4,309.3,1596.0,,,No failure
C,L,,,,29.9,42.0,No failure
C,L,,,,32.1,85.0,No failure
C,L,,,,28.4,66.0,No failure
A,L,300.4,310.0,1581.0,,,No failure
A,L,297.7,309.1,1477.0,,,No failure
B,L,,,1720.0,28.7,,No failure
B,L,,,1357.0,42.1,,No failure
B,L,,,1445.0,46.6,,No failure
C,M,,,,50.7,130.0,No failure
A,L,298.2,308.9,1336.0,,,No failure
B,L,,,1348.0,55.5,,No failure
B,L,,,1840.0,21.5,,No failure
A,M,298.9,310.0,1323.0,,,No failure
A,L,299.5,309.3,1442.0,,,No failure
A,M,303.5,312.9,1618.0,,,No failure
B,H,,,1295.0,58.9,,No failure
C,L,,,,26.4,146.0,No failure
C,L,,,,40.7,10.0,No failure
B,M,,,1625.0,38.0,,No failure
C,L,,,,43.3,60.0,No failure
C,L,,,,56.4,175.0,No failure
A,H,302.6,310.4,1649.0,,,No failure
A,L,298.9,308.3,1855.0,,,No failure
C,L,,,,32.7,44.0,No failure
A,M,300.3,311.7,1319.0,,,No failure
B,L,,,1332.0,52.9,,No failure
A,L,297.2,308.6,1774.0,,,No failure
B,L,,,1621.0,36.1,,No failure
B,H,,,1524.0,41.4,,No failure
B,M,,,1548.0,41.3,,No failure
A,L,298.7,309.9,1372.0,,,No failure
C,L,,,,37.8,144.0,No failure
A,M,301.4,311.2,1434.0,,,No failure
A,M,301.4,310.0,1651.0,,,No failure
B,L,,,2030.0,19.1,,No failure
B,L,,,1630.0,36.0,,No failure
B,L,,,1486.0,40.1,,No failure
B,H,,,1984.0,19.2,,No failure
A,H,298.7,308.4,1560.0,,,No failure
B,L,,,1403.0,50.6,,No failure
A,M,298.2,308.3,1560.0,,,No failure
B,L,,,1263.0,61.8,,No failure
C,L,,,,35.8,43.0,No failure
C,L,,,,24.5,190.0,No failure
A,H,301.7,311.2,1639.0,,,No failure
B,M,,,1318.0,54.2,,No failure
A,L,300.7,309.6,1500.0,,,No failure
A,M,301.6,310.5,1414.0,,,No failure
B,L,,,1405.0,51.4,,No failure
C,H,,,,37.7,36.0,No failure
A,M,299.3,309.1,1385.0,,,No failure
A,L,302.4,311.2,1450.0,,,No failure
C,L,,,,52.4,165.0,No failure
B,H,,,1811.0,24.6,,No failure
A,M,303.8,312.7,1500.0,,,No failure
C,L,,,,36.7,114.0,No failure
C,L,,,,56.9,6.0,No failure
A,M,298.2,308.9,1614.0,,,No failure
B,L,,,1481.0,40.4,,No failure
C,M,,,,45.3,122.0,No failure
A,M,302.6,310.4,1532.0,,,No failure
A,H,300.3,311.6,1463.0,,,No failure
B,L,,,1389.0,53.6,,No failure
A,M,299.8,311.1,1452.0,,,No failure
A,L,298.7,310.1,1558.0,,,No failure
A,L,302.3,310.7,1499.0,,,No failure
B,L,,,1697.0,30.6,,No failure
B,L,,,1450.0,43.1,,No failure
B,L,,,1639.0,32.7,,No failure
A,H,295.6,306.2,1414.0,,,No failure
A,L,296.7,307.8,1605.0,,,No failure
C,M,,,,48.4,101.0,No failure
A,L,303.9,313.0,1626.0,,,No failure
A,L,299.6,308.9,1422.0,,,No failure
B,L,,,1453.0,37.0,,No failure
A,L,300.0,309.4,1395.0,,,No failure
C,M,,,,19.0,133.0,No failure
B,M,,,1532.0,38.7,,No failure
A,M,298.4,309.5,1484.0,,,No failure
B,M,,,1507.0,38.6,,No failure
C,M,,,,33.6,218.0,No failure
C,M,,,,33.7,149.0,No failure
C,L,,,,45.8,46.0,No failure
A,L,302.3,311.4,1535.0,,,No failure
B,L,,,1502.0,40.2,,No failure
A,L,300.8,311.2,1481.0,,,Random Failures
B,M,,,1701.0,30.8,,No failure
B,M,,,1402.0,40.7,,No failure
C,L,,,,37.2,164.0,No failure
B,L,,,1825.0,24.6,,No failure
A,L,300.3,311.7,1821.0,,,No failure
C,M,,,,51.9,77.0,No failure
C,M,,,,24.3,219.0,No failure
C,L,,,,48.0,9.0,No failure
C,H,,,,29.1,60.0,No failure
B,L,,,1776.0,28.8,,No failure
B,M,,,1844.0,27.1,,No failure
B,L,,,1484.0,44.3,,No failure
C,L,,,,36.4,66.0,No failure
B,L,,,1373.0,53.0,,No failure
A,L,297.9,307.8,1459.0,,,No failure
A,L,300.8,309.6,1498.0,,,No failure
A,L,298.2,307.6,1368.0,,,No failure
C,L,,,,40.4,179.0,No failure
A,M,296.9,307.9,1979.0,,,No failure
B,L,,,1314.0,47.1,,No failure
B,L,,,1612.0,30.7,,No failure
A,H,303.8,312.5,1748.0,,,No failure
B,L,,,1456.0,44.0,,No failure
A,L,298.6,308.9,1327.0,,,No failure
C,H,,,,39.1,36.0,No failure
A,L,297.3,308.5,1503.0,,,No failure
A,M,300.7,309.8,1490.0,,,No failure
A,M,302.0,310.9,1456.0,,,No failure
B,M,,,1609.0,35.2,,No failure
C,M,,,,45.1,51.0,No failure
C,H,,,,53.9,74.0,No failure
C,L,,,,31.5,193.0,No failure
A,H,300.4,309.3,1396.0,,,No failure
B,H,,,1448.0,51.4,,No failure
C,L,,,,21.7,206.0,No failure
A,L,300.5,311.9,1750.0,,,No failure
C,L,,,,39.1,211.0,No failure
B,M,,,1766.0,26.0,,No failure
C,M,,,,48.1,14.0,No failure
A,L,298.0,307.8,1567.0,,,No failure
C,L,,,,48.6,159.0,No failure
B,H,,,1309.0,57.4,,No failure
C,L,,,,38.4,146.0,No failure
A,M,302.6,311.0,1329.0,,,Heat Dissipation Failure
A,L,298.5,309.5,1561.0,,,No failure
A,L,298.0,308.8,1496.0,,,No failure
A,L,300.4,311.9,1476.0,,,No failure
A,L,301.5,310.5,1644.0,,,No failure
B,M,,,1558.0,37.5,,No failure
B,L,,,1493.0,38.0,,No failure
A,H,298.7,310.2,1613.0,,,No failure
B,M,,,1499.0,40.3,,No failure
B,L,,,1616.0,34.2,,No failure
B,M,,,1407.0,43.9,,No failure
A,M,300.1,309.2,1438.0,,,No failure
C,L,,,,45.5,123.0,No failure
B,H,,,1457.0,43.8,,No failure
B,M,,,1486.0,38.5,,No failure
C,L,,,,23.0,176.0,No failure
C,M,,,,42.3,170.0,No failure
A,L,303.7,312.8,1832.0,,,No failure
C,H,,,,35.2,195.0,No failure
B,M,,,1260.0,65.9,,No failure
C,L,,,,48.8,109.0,No failure
A,L,298.8,309.8,1508.0,,,No failure
B,L,,,1340.0,47.8,,No failure
A,L,299.5,308.7,1446.0,,,No failure
C,L,,,,25.8,174.0,No failure
A,M,302.0,310.4,1212.0,,,Heat Dissipation Failure
C,H,,,,31.7,34.0,No failure
B,L,,,1952.0,22.7,,No failure
B,M,,,1710.0,26.5,,No failure
C,M,,,,61.7,102.0,No failure
A,L,297.8,307.5,1631.0,,,No failure
C,L,,,,44.0,19.0,No failure
C,L,,,,47.9,117.0,No failure
C,M,,,,46.1,7.0,No failure
C,M,,,,47.4,121.0,No failure
B,L,,,1347.0,50.8,,No failure
B,M,,,1465.0,41.1,,No failure
B,M,,,1461.0,48.6,,No failure
A,L,299.0,310.2,1690.0,,,No failure
C,L,,,,51.6,80.0,No failure
C,L,,,,34.1,91.0,No failure
A,H,298.6,309.8,1279.0,,,No failure
C,L,,,,26.1,38.0,No failure
C,M,,,,38.0,125.0,No failure
C,L,,,,40.0,125.0,No failure
C,L,,,,35.5,63.0,No failure
C,M,,,,37.3,102.0,No failure
A,L,298.0,309.6,1536.0,,,No failure
C,L,,,,36.4,0.0,No failure
A,M,298.0,307.6,1844.0,,,No failure
C,L,,,,53.8,228.0,Overstrain Failure
C,M,,,,33.3,41.0,No failure
A,L,302.4,311.7,1721.0,,,No failure
C,L,,,,34.5,153.0,No failure
C,M,,,,50.3,33.0,No failure
B,L,,,1544.0,34.3,,No failure
C,L,,,,42.7,198.0,No failure
B,H,,,1454.0,44.1,,No failure
A,L,299.6,311.0,1708.0,,,No failure
C,M,,,,46.8,99.0,No failure
B,H,,,1531.0,30.8,,No failure
C,H,,,,47.1,9.0,No failure
A,M,299.7,309.6,1477.0,,,No failure
A,M,298.0,307.6,1581.0,,,No failure
B,L,,,1650.0,32.4,,No failure
A,M,302.5,311.9,1524.0,,,No failure
B,M,,,1485.0,36.0,,No failure
A,M,298.0,307.9,1479.0,,,No failure
A,L,303.5,311.5,1535.0,,,No failure
C,L,,,,22.5,82.0,No failure
B,L,,,1474.0,42.4,,No failure
B,L,,,1451.0,47.1,,No failure
C,L,,,,46.2,92.0,No failure
C,M,,,,29.8,127.0,No failure
C,M,,,,35.7,117.0,No failure
B,L,,,1328.0,59.9,,No failure
B,M,,,1836.0,22.8,,No failure
B,M,,,1456.0,51.2,,No failure
A,L,300.8,311.7,1490.0,,,No failure
A,M,299.2,308.5,1474.0,,,No failure
A,L,301.6,309.9,1397.0,,,No failure
C,M,,,,35.3,47.0,No failure
C,L,,,,46.1,70.0,No failure
C,L,,,,35.9,152.0,No failure
C,M,,,,49.9,28.0,No failure
B,M,,,1288.0,58.4,,No failure
A,M,298.5,309.5,1315.0,,,No failure
C,L,,,,28.9,128.0,No failure
A,L,297.1,308.2,2267.0,,,No failure
B,L,,,1898.0,24.0,,No failure
C,M,,,,38.9,179.0,No failure
A,M,297.6,308.4,1398.0,,,No failure
A,L,302.4,310.2,1351.0,,,Heat Dissipation Failure
A,H,299.7,311.1,1353.0,,,No failure
C,H,,,,52.0,131.0,No failure
A,M,297.3,308.4,1521.0,,,No failure
A,L,304.3,313.5,1802.0,,,No failure
C,L,,,,27.3,99.0,No failure
A,L,300.2,311.7,1603.0,,,No failure
C,M,,,,60.7,77.0,No failure
A,H,302.8,312.5,1422.0,,,No failure
A,L,300.2,310.3,1514.0,,,No failure
C,M,,,,24.9,9.0,No failure
C,L,,,,43.9,94.0,No failure
C,M,,,,36.5,44.0,No failure
C,L,,,,28.4,179.0,No failure
B,M,,,1572.0,34.6,,No failure
A,L,299.4,310.5,1372.0,,,No failure
A,L,299.9,309.8,1716.0,,,No failure
A,H,302.2,311.1,1553.0,,,No failure
C,L,,,,42.6,161.0,No failure
C,M,,,,68.2,187.0,Overstrain Failure
A,M,301.3,311.1,1834.0,,,No failure
A,L,303.2,311.4,1349.0,,,Heat Dissipation Failure
A,L,299.5,309.3,1462.0,,,No failure
A,L,302.1,310.7,1359.0,,,Heat Dissipation Failure
C,L,,,,48.8,91.0,No failure
C,M,,,,41.5,151.0,No failure
B,M,,,1349.0,51.5,,No failure
A,L,297.4,307.9,1390.0,,,No failure
A,L,298.5,309.4,1418.0,,,No failure
A,L,304.1,313.2,1452.0,,,No failure
C,M,,,,49.3,69.0,No failure
B,L,,,1352.0,49.7,,No failure
A,L,302.8,312.6,1462.0,,,No failure
B,H,,,1792.0,25.8,,No failure
C,M,,,,50.5,129.0,No failure
A,H,298.4,308.2,1612.0,,,No failure
A,L,301.4,311.0,1533.0,,,No failure
B,L,,,1436.0,47.9,,No failure
C,M,,,,53.2,172.0,No failure
A,L,301.1,311.0,1565.0,,,No failure
B,H,,,1528.0,46.3,,No failure
A,L,300.3,309.6,1624.0,,,No failure
C,M,,,,49.7,136.0,No failure
A,L,300.2,310.2,1378.0,,,No failure
B,H,,,1405.0,52.1,,No failure
A,L,297.0,307.9,1479.0,,,No failure
B,L,,,1325.0,54.0,,No failure
B,L,,,1326.0,61.9,,No failure
B,L,,,1405.0,57.4,,No failure
B,L,,,1477.0,34.6,,No failure
B,M,,,1660.0,27.0,,No failure
C,H,,,,29.9,13.0,No failure
B,M,,,1404.0,47.5,,No failure
C,M,,,,49.6,158.0,No failure
B,L,,,1461.0,45.7,,No failure
C,L,,,,37.5,33.0,No failure
C,L,,,,42.3,193.0,No failure
B,L,,,1427.0,47.7,,No failure
B,H,,,1542.0,41.8,,No failure
B,L,,,1490.0,42.6,,No failure
A,L,298.8,310.0,1537.0,,,No failure
B,M,,,1694.0,31.1,,No failure
B,M,,,2157.0,17.2,,No failure
A,L,301.7,310.7,2023.0,,,No failure
C,M,,,,39.0,78.0,No failure
C,L,,,,36.6,157.0,No failure
C,L,,,,36.7,118.0,No failure
C,L,,,,32.0,128.0,No failure
B,L,,,1418.0,43.9,,No failure
C,H,,,,46.2,150.0,No failure
C,M,,,,46.5,82.0,No failure
A,L,298.2,308.7,1780.0,,,No failure
A,L,302.4,310.9,1560.0,,,No failure
C,L,,,,57.1,194.0,Overstrain Failure
B,L,,,1399.0,52.1,,No failure
A,L,301.1,311.3,1630.0,,,No failure
B,M,,,1515.0,42.1,,No failure
A,M,298.0,308.6,1507.0,,,No failure
A,H,298.7,309.6,1654.0,,,No failure
B,L,,,1420.0,51.6,,No failure
C,L,,,,39.0,10.0,No failure
A,L,300.2,310.1,1649.0,,,No failure
C,M,,,,31.9,178.0,No failure
C,L,,,,21.9,188.0,No failure
C,M,,,,47.9,53.0,No failure
C,L,,,,40.6,42.0,No failure
A,L,301.3,311.0,1348.0,,,No failure
A,L,303.5,311.6,1361.0,,,Heat Dissipation Failure
C,L,,,,36.4,105.0,No failure
B,L,,,1506.0,41.8,,No failure
C,H,,,,42.8,88.0,No failure
C,L,,,,64.2,165.0,No failure
C,M,,,,47.0,198.0,No failure
B,M,,,1573.0,37.4,,No failure
C,M,,,,47.5,146.0,No failure
A,L,301.4,310.6,1347.0,,,No failure
A,L,298.3,310.1,1408.0,,,No failure
A,L,302.8,312.3,1504.0,,,No failure
C,L,,,,41.8,19.0,No failure
A,L,298.3,310.0,1460.0,,,No failure
B,L,,,1774.0,28.0,,No failure
A,M,298.1,307.8,1514.0,,,No failure
B,L,,,1691.0,33.1,,No failure
A,M,301.5,310.6,1382.0,,,No failure
A,M,300.0,309.6,1491.0,,,No failure
A,M,302.5,311.0,1463.0,,,No failure
B,L,,,1396.0,49.0,,No failure
A,L,300.2,311.8,1436.0,,,No failure
A,L,297.4,308.7,1468.0,,,No failure
B,L,,,1492.0,36.7,,No failure
A,L,302.6,311.9,1448.0,,,No failure
C,L,,,,45.3,155.0,No failure
B,L,,,1769.0,24.9,,No failure
A,H,297.5,308.5,1393.0,,,No failure
B,H,,,1435.0,42.6,,No failure
A,H,300.5,311.6,1351.0,,,No failure
C,L,,,,33.1,109.0,No failure
B,M,,,1473.0,38.5,,No failure
B,M,,,1434.0,41.8,,No failure
C,M,,,,60.6,44.0,No failure
B,M,,,1459.0,37.7,,No failure
B,L,,,1568.0,39.1,,No failure
B,L,,,1404.0,39.8,,No failure
B,L,,,1341.0,43.8,,No failure
C,L,,,,29.8,93.0,No failure
C,L,,,,37.6,106.0,No failure
C,L,,,,46.1,80.0,No failure
A,H,298.3,309.5,1427.0,,,No failure
C,L,,,,54.1,193.0,No failure
C,M,,,,53.4,104.0,No failure
A,L,300.5,311.4,1445.0,,,No failure
A,M,302.4,311.4,1508.0,,,No failure
C,L,,,,47.5,75.0,No failure
A,L,302.2,311.4,1499.0,,,No failure
C,L,,,,22.0,134.0,No failure
B,L,,,1528.0,33.9,,No failure
C,M,,,,48.0,82.0,No failure
C,L,,,,23.7,183.0,No failure
C,L,,,,61.2,200.0,Overstrain Failure
B,L,,,1376.0,52.8,,No failure
B,L,,,2833.0,5.6,,Power Failure
B,M,,,1765.0,24.2,,No failure
A,L,298.8,308.5,1444.0,,,No failure
C,M,,,,41.3,175.0,No failure
B,L,,,1523.0,45.9,,No failure
A,M,298.1,308.0,2129.0,,,No failure
A,M,301.5,310.5,1600.0,,,No failure
A,L,301.8,310.7,1680.0,,,No failure
A,H,301.0,311.0,1640.0,,,No failure
B,L,,,1541.0,37.0,,No failure
C,M,,,,50.8,182.0,No failure
A,M,303.8,312.5,1448.0,,,No failure
A,L,301.1,310.2,1657.0,,,No failure
C,L,,,,39.6,56.0,No failure
C,L,,,,45.1,97.0,No failure
B,H,,,1376.0,56.2,,No failure
B,L,,,1496.0,43.4,,No failure
A,L,299.1,310.4,1428.0,,,No failure
B,M,,,1507.0,45.7,,No failure
C,L,,,,38.6,56.0,No failure
B,M,,,1713.0,32.2,,No failure
A,H,297.2,308.1,1770.0,,,No failure
B,L,,,1507.0,52.4,,No failure
B,M,,,1564.0,39.9,,No failure
C,L,,,,30.6,154.0,No failure
B,M,,,1466.0,39.7,,No failure
C,L,,,,38.5,37.0,No failure
B,L,,,1563.0,32.2,,No failure
C,M,,,,41.7,127.0,No failure
B,M,,,1591.0,42.0,,No failure
C,M,,,,39.5,68.0,No failure
B,M,,,1527.0,42.8,,No failure
B,M,,,1530.0,35.7,,No failure
B,L,,,1510.0,39.4,,No failure
B,M,,,1368.0,63.7,,Power Failure
A,L,297.5,308.3,1596.0,,,No failure
C,L,,,,42.0,142.0,No failure
A,M,300.7,311.0,1559.0,,,No failure
C,L,,,,33.2,77.0,No failure
B,M,,,1440.0,42.8,,No failure
C,M,,,,30.0,76.0,No failure
C,M,,,,58.0,90.0,No failure
B,H,,,1711.0,27.6,,No failure
B,M,,,1566.0,32.6,,No failure
C,L,,,,50.2,222.0,Overstrain Failure
A,H,298.9,310.3,1243.0,,,No failure
A,L,302.3,310.1,1653.0,,,No failure
C,M,,,,52.9,0.0,No failure
B,L,,,1432.0,45.4,,No failure
C,L,,,,47.7,173.0,No failure
B,M,,,1587.0,32.6,,No failure
A,L,297.5,309.3,1675.0,,,No failure
A,M,300.1,309.1,1533.0,,,No failure
B,H,,,1436.0,51.9,,No failure
A,L,297.8,307.8,1383.0,,,No failure
C,M,,,,44.7,54.0,No failure
C,M,,,,43.7,189.0,No failure
A,L,301.5,310.6,1525.0,,,No failure
C,L,,,,48.6,44.0,No failure
B,L,,,1706.0,29.5,,No failure
C,M,,,,35.0,24.0,No failure
C,L,,,,30.3,90.0,No failure
C,L,,,,31.7,180.0,No failure
B,L,,,1634.0,30.6,,No failure
B,M,,,1612.0,36.3,,No failure
C,M,,,,47.9,131.0,No failure
B,L,,,1370.0,56.0,,No failure
B,M,,,1620.0,35.4,,No failure
C,L,,,,20.3,208.0,No failure
B,L,,,1721.0,32.3,,No failure
A,L,296.5,307.4,1292.0,,,No failure
A,M,302.2,310.6,1346.0,,,Heat Dissipation Failure
A,L,302.1,310.6,1439.0,,,No failure
A,L,299.5,309.3,1333.0,,,No failure
A,M,301.7,310.1,1431.0,,,No failure
A,L,298.9,308.6,1771.0,,,No failure
B,L,,,1515.0,36.6,,No failure
C,L,,,,36.0,92.0,No failure
C,M,,,,23.0,124.0,No failure
C,L,,,,59.2,198.0,Overstrain Failure
B,L,,,1592.0,38.2,,No failure
B,L,,,1507.0,41.2,,No failure
C,L,,,,40.2,72.0,No failure
A,M,300.6,311.9,1629.0,,,No failure
C,L,,,,45.4,179.0,No failure
A,L,297.1,308.4,1304.0,,,No failure
A,L,298.7,310.2,1363.0,,,No failure
C,M,,,,47.3,25.0,No failure
B,M,,,1804.0,26.8,,No failure
C,L,,,,54.1,19.0,No failure
B,L,,,1582.0,37.5,,No failure
B,L,,,1687.0,26.6,,No failure
C,M,,,,45.6,18.0,No failure
A,L,300.6,310.4,1608.0,,,No failure
A,L,298.1,307.9,1425.0,,,No failure
A,H,296.7,307.9,1579.0,,,No failure
A,L,304.1,313.3,1732.0,,,No failure
B,M,,,1528.0,40.9,,No failure
A,H,303.3,311.3,1502.0,,,No failure
B,L,,,1379.0,51.0,,No failure
A,L,301.3,310.1,1662.0,,,No failure
C,L,,,,41.8,79.0,No failure
B,L,,,1548.0,38.4,,No failure
B,L,,,1437.0,52.4,,No failure
C,L,,,,42.9,26.0,No failure
B,L,,,1698.0,33.3,,No failure
A,L,299.6,310.2,1469.0,,,No failure
A,L,303.1,311.3,1474.0,,,No failure
A,L,296.8,307.6,1434.0,,,No failure
C,L,,,,50.1,96.0,No failure
C,M,,,,22.2,53.0,No failure
C,H,,,,39.6,99.0,No failure
C,H,,,,34.4,228.0,Tool Wear Failure
C,M,,,,42.2,139.0,No failure
C,M,,,,53.2,189.0,No failure
A,L,301.0,311.0,1437.0,,,No failure
C,L,,,,41.6,112.0,No failure
C,H,,,,41.0,29.0,No failure
B,H,,,1443.0,44.1,,No failure
B,L,,,1318.0,50.6,,No failure
B,M,,,1442.0,42.9,,No failure
C,L,,,,39.9,146.0,No failure
A,M,300.7,309.7,1397.0,,,No failure
C,L,,,,40.5,180.0,No failure
A,H,298.4,308.5,1398.0,,,No failure
A,M,299.1,308.9,1325.0,,,No failure
B,M,,,1630.0,32.4,,No failure
B,L,,,1414.0,44.8,,No failure
A,M,303.7,312.7,1469.0,,,No failure
B,H,,,1432.0,47.7,,No failure
A,M,301.1,311.1,1592.0,,,No failure
C,L,,,,44.4,76.0,No failure
C,M,,,,45.0,204.0,No failure
A,L,303.0,311.2,1641.0,,,No failure
C,H,,,,44.7,8.0,No failure
A,M,299.5,308.9,1448.0,,,No failure
A,M,301.7,310.6,1691.0,,,No failure
C,M,,,,35.0,33.0,No failure
C,L,,,,28.9,94.0,No failure
C,M,,,,45.5,107.0,No failure
C,L,,,,55.4,145.0,No failure
A,L,302.8,312.3,1473.0,,,No failure
B,L,,,1599.0,37.0,,No failure
A,L,300.7,310.6,1491.0,,,No failure
C,L,,,,47.6,45.0,No failure
B,M,,,1618.0,37.8,,No failure
A,L,298.6,309.4,1525.0,,,No failure
C,L,,,,61.0,215.0,Overstrain Failure
C,L,,,,40.6,67.0,No failure
B,L,,,1399.0,47.8,,No failure
B,L,,,1314.0,59.5,,No failure
B,H,,,1531.0,36.8,,No failure
A,L,298.3,308.9,1708.0,,,No failure
C,L,,,,14.4,201.0,No failure
B,L,,,1841.0,24.6,,No failure
A,L,300.7,311.7,1635.0,,,No failure
C,M,,,,31.1,211.0,No failure
B,M,,,1804.0,26.0,,No failure
A,L,298.7,310.2,1404.0,,,No failure
A,L,297.8,309.2,1683.0,,,No failure
B,M,,,1617.0,31.6,,No failure
C,H,,,,48.8,23.0,No failure
B,L,,,1905.0,20.9,,No failure
C,M,,,,53.3,8.0,No failure
B,L,,,1533.0,39.4,,No failure
A,L,301.7,310.3,1397.0,,,No failure
B,L,,,1380.0,52.6,,No failure
C,M,,,,16.7,79.0,No failure
A,L,299.8,311.3,1560.0,,,No failure
A,L,299.3,308.6,1437.0,,,No failure
A,M,298.6,309.5,1566.0,,,No failure
A,M,298.4,308.2,1584.0,,,No failure
A,M,297.9,310.0,1439.0,,,No failure
A,L,301.5,310.5,1535.0,,,No failure
A,H,303.8,312.9,1378.0,,,No failure
B,L,,,1515.0,39.8,,No failure
C,M,,,,39.5,27.0,No failure
A,M,298.9,308.5,1555.0,,,No failure
B,M,,,1717.0,31.3,,No failure
A,L,299.3,310.5,1818.0,,,No failure
A,L,298.5,309.4,1517.0,,,No failure
B,H,,,1656.0,36.3,,No failure
C,M,,,,36.6,21.0,No failure
B,M,,,1469.0,44.8,,No failure
A,L,302.1,311.2,1447.0,,,No failure
A,M,300.1,310.2,1429.0,,,No failure
A,H,300.3,311.6,1339.0,,,No failure
C,L,,,,53.5,28.0,No failure
B,M,,,1651.0,28.1,,No failure
A,M,299.4,309.0,1939.0,,,No failure
C,L,,,,38.8,87.0,No failure
A,L,300.7,311.7,1460.0,,,No failure
A,L,302.4,311.7,1495.0,,,No failure
A,L,302.2,310.9,1604.0,,,No failure
A,H,297.3,308.6,1376.0,,,No failure
A,L,300.5,310.5,1452.0,,,No failure
B,M,,,1532.0,42.7,,No failure
A,L,302.5,310.2,1454.0,,,No failure
A,H,300.7,312.2,1335.0,,,No failure
B,L,,,1567.0,36.5,,No failure
C,M,,,,31.5,44.0,No failure
B,L,,,1416.0,40.4,,No failure
A,L,301.2,310.6,1389.0,,,No failure
C,L,,,,34.0,49.0,No failure
B,L,,,1529.0,35.2,,No failure
B,M,,,1505.0,44.0,,No failure
A,L,299.7,310.4,1614.0,,,No failure
A,M,299.8,309.6,1346.0,,,No failure
A,L,303.1,312.8,2329.0,,,No failure
B,L,,,1472.0,40.9,,No failure
A,H,297.4,308.7,1522.0,,,No failure
C,M,,,,45.1,181.0,No failure
B,L,,,1451.0,41.0,,No failure
C,M,,,,47.9,222.0,Tool Wear Failure
B,M,,,1836.0,22.8,,No failure
C,L,,,,42.1,86.0,No failure
A,L,300.0,309.5,1925.0,,,No failure
C,M,,,,28.3,193.0,No failure
A,L,298.6,309.6,1533.0,,,No failure
B,L,,,1543.0,36.9,,No failure
C,L,,,,31.9,37.0,No failure
A,L,300.7,310.3,1533.0,,,No failure
B,M,,,1583.0,36.6,,No failure
C,L,,,,65.7,191.0,Overstrain Failure
A,M,302.7,312.2,1350.0,,,No failure
C,L,,,,38.4,85.0,No failure
B,L,,,1712.0,32.1,,No failure
B,L,,,1473.0,45.5,,No failure
B,M,,,1547.0,36.8,,No failure
A,L,298.1,308.0,1456.0,,,No failure
A,H,295.6,306.2,1329.0,,,No failure
A,M,297.4,308.3,1444.0,,,No failure
A,L,300.9,310.9,1477.0,,,No failure
C,M,,,,41.2,197.0,No failure
B,L,,,1350.0,58.5,,No failure
B,L,,,1558.0,35.7,,No failure
A,L,302.4,310.1,1906.0,,,No failure
B,L,,,2076.0,18.7,,No failure
A,L,301.3,310.6,1416.0,,,No failure
A,L,300.8,311.6,1516.0,,,No failure
C,L,,,,40.5,135.0,No failure
B,H,,,1515.0,36.8,,No failure
B,L,,,1466.0,48.1,,No failure
A,M,299.0,309.7,1489.0,,,No failure
B,H,,,1271.0,68.6,,Power Failure
B,L,,,1562.0,34.4,,No failure
C,L,,,,23.7,61.0,No failure
B,M,,,1687.0,27.7,,Random Failures
A,L,298.2,309.4,1447.0,,,No failure
A,L,299.6,310.7,1393.0,,,No failure
A,M,299.6,310.6,1633.0,,,No failure
A,L,300.7,309.5,1479.0,,,No failure
C,L,,,,48.7,111.0,No failure
A,L,300.4,309.5,1447.0,,,No failure
A,L,299.0,308.7,2248.0,,,No failure
C,L,,,,62.5,9.0,No failure
A,L,298.8,310.0,1412.0,,,No failure
B,L,,,1590.0,28.5,,No failure
C,L,,,,44.6,223.0,No failure
C,L,,,,30.7,161.0,No failure
B,L,,,1635.0,29.6,,No failure
A,L,301.4,311.3,1397.0,,,No failure
C,L,,,,38.2,37.0,No failure
B,L,,,1715.0,27.2,,No failure
C,L,,,,34.6,238.0,No failure
B,L,,,1705.0,29.1,,No failure
B,H,,,1456.0,40.6,,No failure
B,L,,,1634.0,34.2,,No failure
A,L,300.9,310.9,1601.0,,,No failure
C,L,,,,43.2,133.0,No failure
C,L,,,,39.3,56.0,No failure
C,L,,,,26.9,193.0,No failure
A,H,300.1,309.6,1463.0,,,No failure
C,H,,,,38.6,19.0,No failure
B,L,,,1679.0,30.1,,No failure
C,H,,,,45.5,171.0,No failure
B,L,,,1427.0,50.4,,No failure
C,L,,,,48.4,151.0,No failure
C,L,,,,47.4,14.0,No failure
A,L,297.6,308.6,2384.0,,,No failure
B,L,,,1574.0,38.7,,No failure
A,M,300.8,309.6,1546.0,,,No failure
C,L,,,,31.6,189.0,No failure
A,H,297.6,308.2,2071.0,,,No failure
C,M,,,,36.5,64.0,No failure
B,M,,,1386.0,62.7,,Power Failure
B,H,,,1444.0,40.7,,No failure
C,L,,,,39.0,75.0,No failure
A,L,297.9,308.6,1691.0,,,No failure
A,M,297.9,309.1,1488.0,,,No failure
C,L,,,,47.7,0.0,No failure
A,H,299.3,308.6,1498.0,,,No failure
C,L,,,,58.8,35.0,No failure
B,H,,,1439.0,49.7,,No failure
C,M,,,,36.6,212.0,No failure
B,L,,,1599.0,33.6,,No failure
B,M,,,1692.0,28.4,,No failure
A,L,298.4,308.0,1526.0,,,No failure
B,M,,,1390.0,53.4,,No failure
A,L,300.1,309.7,1601.0,,,No failure
B,L,,,1562.0,33.0,,No failure
A,L,298.8,309.5,1368.0,,,No failure
B,L,,,1521.0,39.3,,No failure
A,M,302.4,311.1,1887.0,,,No failure
C,L,,,,35.2,240.0,No failure
A,L,301.6,311.3,1706.0,,,No failure
C,M,,,,41.1,13.0,No failure
B,L,,,1407.0,43.9,,No failure
C,H,,,,45.3,175.0,No failure
B,L,,,1472.0,46.6,,No failure
B,L,,,1534.0,37.7,,No failure
B,L,,,1385.0,44.4,,No failure
C,L,,,,44.4,33.0,No failure
C,L,,,,44.6,69.0,No failure
C,M,,,,36.0,195.0,No failure
C,L,,,,42.3,113.0,No failure
B,L,,,1551.0,34.8,,No failure
A,M,300.7,311.0,1334.0,,,No failure
C,M,,,,58.6,201.0,No failure
A,L,304.0,313.1,1465.0,,,No failure
A,L,300.4,309.7,1467.0,,,No failure
A,L,297.5,308.8,1530.0,,,No failure
A,L,299.2,310.3,1610.0,,,No failure
C,L,,,,44.9,33.0,No failure
C,M,,,,38.9,199.0,No failure
A,M,300.8,310.9,1678.0,,,No failure
B,L,,,1390.0,49.9,,No failure
C,L,,,,47.4,197.0,No failure
C,L,,,,55.7,114.0,No failure
B,M,,,1479.0,40.5,,No failure
A,L,300.1,309.5,1557.0,,,No failure
C,L,,,,47.9,114.0,No failure
A,L,300.9,310.4,1615.0,,,No failure
B,L,,,1586.0,35.1,,No failure
B,L,,,1550.0,32.4,,No failure
C,M,,,,35.7,170.0,No failure
B,M,,,1659.0,29.8,,No failure
B,H,,,1586.0,35.5,,No failure
B,M,,,2676.0,10.8,,Power Failure
B,M,,,2710.0,9.7,,Power Failure
C,L,,,,25.3,200.0,No failure
B,L,,,1545.0,36.6,,No failure
C,L,,,,37.9,17.0,No failure
C,L,,,,37.0,106.0,No failure
C,M,,,,27.3,14.0,No failure
C,H,,,,50.2,178.0,No failure
B,H,,,1615.0,33.0,,No failure
C,L,,,,50.7,197.0,No failure
C,M,,,,34.6,8.0,No failure
B,L,,,1242.0,60.9,,No failure
B,L,,,1407.0,42.1,,No failure
B,M,,,1594.0,32.4,,No failure
A,L,302.0,309.9,1388.0,,,No failure
C,L,,,,46.8,179.0,No failure
B,M,,,1375.0,51.4,,No failure
C,L,,,,30.6,67.0,No failure
A,L,300.1,309.6,1565.0,,,No failure
A,L,300.9,310.8,1708.0,,,No failure
B,L,,,1628.0,35.9,,No failure
B,M,,,1464.0,37.4,,No failure
C,L,,,,28.3,173.0,No failure
C,L,,,,53.1,126.0,No failure
A,L,302.2,311.5,1588.0,,,No failure
A,L,297.4,308.6,1324.0,,,No failure
B,L,,,1598.0,32.8,,No failure
A,L,299.8,309.4,2256.0,,,No failure
C,L,,,,39.7,239.0,No failure
C,L,,,,32.3,123.0,No failure
A,L,303.9,313.2,1393.0,,,No failure
A,L,302.1,311.0,1364.0,,,No failure
C,L,,,,39.4,126.0,No failure
C,M,,,,28.6,176.0,No failure
C,L,,,,50.2,32.0,No failure
C,M,,,,31.3,100.0,No failure
A,L,297.8,308.4,1714.0,,,No failure
A,H,300.0,311.2,1393.0,,,No failure
C,M,,,,46.2,26.0,No failure
B,M,,,1384.0,54.4,,No failure
A,M,298.6,309.2,1311.0,,,No failure
A,L,299.1,310.6,1796.0,,,No failure
A,L,301.0,312.1,1675.0,,,No failure
C,L,,,,31.0,139.0,No failure
B,L,,,1468.0,36.2,,No failure
B,L,,,1427.0,44.1,,No failure
B,L,,,1596.0,30.7,,No failure
A,L,298.4,309.3,1545.0,,,No failure
B,L,,,1647.0,34.2,,No failure
B,L,,,1318.0,58.2,,No failure
C,H,,,,50.6,101.0,No failure
A,L,301.6,310.4,1517.0,,,No failure
C,M,,,,33.3,36.0,No failure
C,H,,,,38.8,65.0,No failure
A,M,301.0,311.1,1420.0,,,No failure
B,M,,,1363.0,54.0,,No failure
B,L,,,1566.0,37.2,,No failure
A,H,300.6,310.0,1419.0,,,No failure
A,L,297.5,308.4,1489.0,,,No failure
C,L,,,,31.1,149.0,No failure
B,L,,,1580.0,35.8,,No failure
B,H,,,1397.0,47.6,,No failure
C,L,,,,47.8,34.0,No failure
A,L,301.8,309.7,1598.0,,,No failure
C,L,,,,26.9,74.0,No failure
A,L,298.6,309.7,1925.0,,,No failure
C,L,,,,36.0,141.0,No failure
A,L,298.4,308.8,1352.0,,,No failure
A,M,298.7,309.0,1843.0,,,No failure
B,M,,,1394.0,48.8,,No failure
A,L,300.8,312.5,1423.0,,,No failure
C,M,,,,53.3,63.0,No failure
A,L,303.0,311.1,1525.0,,,No failure
B,M,,,1510.0,35.5,,No failure
B,H,,,1378.0,51.5,,No failure
B,M,,,1499.0,40.0,,No failure
B,L,,,1615.0,30.6,,No failure
B,L,,,1664.0,30.1,,No failure
A,H,298.8,310.5,1294.0,,,No failure
C,M,,,,51.1,116.0,No failure
B,L,,,1495.0,37.8,,No failure
C,L,,,,37.7,93.0,No failure
A,L,297.4,308.7,1584.0,,,No failure
C,L,,,,53.0,185.0,No failure
B,L,,,1665.0,31.1,,No failure
C,H,,,,23.9,24.0,No failure
C,L,,,,56.5,5.0,No failure
A,L,300.6,312.0,1406.0,,,No failure
C,L,,,,47.7,155.0,No failure
C,L,,,,39.7,151.0,No failure
A,M,295.9,306.6,1532.0,,,No failure
C,M,,,,24.7,101.0,No failure
B,L,,,1544.0,30.2,,No failure
B,M,,,1452.0,43.0,,No failure
A,M,297.4,308.5,1566.0,,,No failure
A,M,298.1,307.7,1633.0,,,No failure
C,L,,,,48.8,0.0,No failure
A,L,299.0,310.1,1505.0,,,No failure
B,L,,,1505.0,37.3,,No failure
C,H,,,,19.3,24.0,No failure
A,L,303.6,312.5,1345.0,,,No failure
A,L,300.1,311.5,1334.0,,,No failure
B,M,,,1535.0,39.8,,No failure
A,L,303.8,313.2,1525.0,,,No failure
B,L,,,1597.0,41.9,,No failure
B,L,,,1674.0,32.2,,No failure
C,M,,,,45.7,200.0,No failure
A,L,297.6,308.6,1355.0,,,No failure
C,L,,,,37.7,119.0,No failure
B,M,,,1638.0,35.4,,No failure
C,L,,,,50.3,110.0,No failure
C,L,,,,54.9,45.0,No failure
C,L,,,,40.0,188.0,No failure
A,L,299.3,308.5,1413.0,,,No failure
A,L,297.5,308.4,1604.0,,,No failure
B,M,,,1605.0,29.8,,No failure
B,M,,,1356.0,44.3,,No failure
A,L,297.0,308.3,1492.0,,,No failure
A,L,301.4,310.6,1648.0,,,No failure
C,M,,,,37.3,65.0,No failure
C,M,,,,35.4,5.0,No failure
C,L,,,,48.4,70.0,No failure
B,L,,,1479.0,42.1,,No failure
C,M,,,,33.1,137.0,No failure
B,M,,,1427.0,50.4,,No failure
B,H,,,2540.0,13.3,,No failure
C,L,,,,53.1,183.0,No failure
A,L,303.7,312.4,1702.0,,,No failure
A,L,298.0,308.4,1432.0,,,No failure
B,M,,,1838.0,23.2,,No failure
C,L,,,,44.6,101.0,No failure
C,M,,,,44.7,88.0,No failure
C,L,,,,34.8,211.0,No failure
A,L,303.7,312.9,1502.0,,,No failure
A,M,302.7,311.1,1297.0,,,Heat Dissipation Failure
B,L,,,1556.0,36.0,,No failure
B,L,,,1571.0,33.1,,No failure
B,L,,,1404.0,44.2,,No failure
A,M,299.8,310.3,1805.0,,,No failure
B,M,,,1511.0,41.0,,No failure
A,M,299.9,311.4,1480.0,,,No failure
C,L,,,,36.9,71.0,No failure
B,M,,,1258.0,69.0,,Power Failure
B,L,,,1648.0,32.1,,No failure
B,L,,,1571.0,35.0,,No failure
B,L,,,1502.0,36.0,,No failure
B,L,,,1366.0,49.7,,No failure
A,L,300.1,309.7,1351.0,,,No failure
B,L,,,1397.0,54.9,,No failure
A,M,301.4,311.0,1427.0,,,No failure
C,L,,,,25.3,136.0,No failure
C,M,,,,27.7,50.0,No failure
B,H,,,1479.0,40.9,,No failure
B,L,,,1301.0,56.0,,No failure
A,M,301.3,310.5,1481.0,,,No failure
A,M,300.6,310.3,1614.0,,,No failure
B,L,,,1339.0,52.1,,No failure
C,H,,,,52.9,130.0,No failure
C,M,,,,48.4,34.0,No failure
B,L,,,1342.0,52.5,,No failure
A,L,300.0,309.3,1558.0,,,No failure
B,L,,,1613.0,36.7,,No failure
B,L,,,2035.0,19.6,,No failure
A,L,298.5,308.3,1458.0,,,No failure
A,L,301.0,310.9,1570.0,,,No failure
C,L,,,,50.4,220.0,Overstrain Failure
C,L,,,,48.9,83.0,No failure
A,L,302.1,310.1,1543.0,,,No failure
A,L,302.9,312.2,1510.0,,,No failure
C,L,,,,41.7,3.0,No failure
C,L,,,,33.1,39.0,No failure
B,L,,,1423.0,49.1,,No failure
A,L,302.2,311.0,1463.0,,,No failure
A,M,300.2,310.2,1438.0,,,No failure
C,L,,,,48.1,172.0,No failure
C,L,,,,28.4,67.0,No failure
A,L,299.0,310.3,1437.0,,,No failure
C,M,,,,41.9,73.0,No failure
C,M,,,,46.1,67.0,No failure
C,L,,,,28.6,135.0,No failure
A,M,297.9,307.8,1303.0,,,No failure
A,L,302.2,311.4,1609.0,,,No failure
B,L,,,2861.0,4.6,,Power Failure
A,L,302.7,310.7,1369.0,,,Heat Dissipation Failure
B,H,,,1532.0,37.7,,No failure
B,H,,,1413.0,46.5,,No failure
B,M,,,2027.0,19.8,,No failure
C,M,,,,32.3,206.0,No failure
B,M,,,1353.0,49.8,,No failure
B,L,,,1584.0,40.4,,No failure
C,H,,,,45.8,150.0,No failure
B,L,,,1465.0,41.0,,No failure
A,L,295.4,305.8,1407.0,,,No failure
B,L,,,1377.0,43.6,,No failure
B,L,,,1542.0,39.2,,No failure
C,L,,,,54.0,138.0,No failure
C,M,,,,45.3,183.0,No failure
A,M,300.0,309.9,1651.0,,,No failure
A,L,297.7,308.5,1453.0,,,No failure
A,L,297.1,308.4,1529.0,,,No failure
B,M,,,1376.0,46.7,,No failure
A,L,299.8,309.4,1633.0,,,No failure
A,M,302.4,310.2,1392.0,,,No failure
C,L,,,,35.7,45.0,No failure
B,L,,,1636.0,31.3,,No failure
A,L,302.6,311.0,1424.0,,,No failure
C,L,,,,28.9,176.0,No failure
C,L,,,,48.7,24.0,No failure
B,L,,,1553.0,33.3,,No failure
C,L,,,,42.3,135.0,No failure
C,L,,,,48.2,24.0,No failure
A,L,299.7,309.0,1605.0,,,No failure
B,M,,,1418.0,41.3,,No failure
A,L,300.1,310.1,1569.0,,,No failure
A,L,299.1,310.4,1505.0,,,No failure
C,M,,,,48.0,199.0,No failure
C,L,,,,57.2,20.0,No failure
B,L,,,1542.0,33.6,,No failure
B,L,,,1394.0,46.5,,No failure
B,M,,,1431.0,43.7,,No failure
C,M,,,,53.6,62.0,No failure
B,M,,,1447.0,45.7,,No failure
A,H,302.9,312.3,1417.0,,,No failure
B,L,,,1598.0,32.7,,No failure
C,L,,,,35.9,13.0,No failure
B,L,,,1566.0,41.9,,No failure
A,L,302.0,310.9,1663.0,,,No failure
B,L,,,1354.0,44.4,,No failure
A,M,302.9,312.3,1426.0,,,No failure
B,L,,,1641.0,27.1,,No failure
B,M,,,1385.0,46.1,,No failure
B,M,,,1479.0,43.5,,No failure
B,M,,,1359.0,53.4,,No failure
B,L,,,1337.0,54.6,,No failure
B,L,,,1580.0,41.2,,No failure
B,L,,,1426.0,46.0,,No failure
A,H,301.8,310.6,1441.0,,,No failure
A,M,298.8,310.6,1640.0,,,No failure
C,L,,,,31.0,199.0,No failure
C,L,,,,31.8,156.0,No failure
B,M,,,1381.0,50.5,,No failure
B,M,,,1732.0,29.6,,No failure
A,M,302.3,311.3,1444.0,,,No failure
A,L,298.6,309.6,1472.0,,,No failure
A,M,300.6,311.6,1473.0,,,No failure
B,L,,,1464.0,41.7,,No failure
C,L,,,,50.0,14.0,No failure
C,L,,,,37.6,209.0,No failure
C,H,,,,35.3,190.0,No failure
C,M,,,,35.6,133.0,No failure
A,L,300.0,309.1,1401.0,,,No failure
C,M,,,,25.3,66.0,No failure
B,L,,,1422.0,43.6,,No failure
B,L,,,1352.0,52.8,,No failure
A,M,300.0,310.2,1393.0,,,No failure
C,L,,,,42.8,196.0,No failure
C,H,,,,31.0,18.0,No failure
B,L,,,1376.0,50.6,,No failure
A,H,296.9,308.0,1416.0,,,No failure
A,L,301.5,310.4,1425.0,,,No failure
A,L,300.0,311.2,1418.0,,,No failure
C,M,,,,43.4,33.0,No failure
C,L,,,,41.3,159.0,No failure
A,H,302.3,311.1,1543.0,,,No failure
B,H,,,1383.0,49.1,,No failure
C,M,,,,33.4,204.0,No failure
A,L,295.7,306.1,1343.0,,,No failure
B,M,,,1606.0,31.7,,No failure
C,L,,,,28.8,31.0,No failure
A,M,300.0,311.3,1629.0,,,No failure
C,L,,,,43.4,14.0,No failure
B,H,,,2636.0,12.8,,No failure
C,M,,,,47.8,7.0,No failure
A,M,299.8,310.8,1530.0,,,No failure
B,L,,,1520.0,37.7,,No failure
B,M,,,1557.0,35.3,,No failure
A,M,299.6,308.9,1685.0,,,No failure
B,L,,,1493.0,39.1,,No failure
A,M,298.0,307.9,1750.0,,,No failure
A,L,302.8,312.2,1481.0,,,No failure
A,L,301.9,311.2,1657.0,,,No failure
A,H,302.4,311.1,1578.0,,,No failure
C,H,,,,37.3,21.0,No failure
C,M,,,,42.1,81.0,No failure
A,L,296.6,307.4,1436.0,,,No failure
C,M,,,,40.5,63.0,No failure
A,L,302.3,310.1,1353.0,,,Heat Dissipation Failure
A,M,298.8,310.3,1366.0,,,No failure
B,L,,,1425.0,45.1,,No failure
C,L,,,,38.8,199.0,No failure
C,H,,,,31.0,41.0,No failure
C,M,,,,42.1,182.0,No failure
B,M,,,1423.0,44.6,,No failure
B,L,,,1491.0,42.6,,No failure
B,M,,,1736.0,26.8,,No failure
B,L,,,1708.0,24.8,,No failure
A,M,300.7,310.7,1347.0,,,No failure
C,L,,,,28.0,58.0,No failure
C,L,,,,52.5,111.0,No failure
C,L,,,,31.5,30.0,No failure
B,L,,,1721.0,34.8,,No failure
B,L,,,1874.0,24.8,,No failure
C,M,,,,24.3,129.0,No failure
A,L,300.1,309.1,1478.0,,,No failure
C,L,,,,54.6,176.0,No failure
A,L,299.4,308.9,1583.0,,,No failure
B,H,,,1345.0,54.5,,No failure
C,H,,,,30.4,115.0,No failure
A,L,297.1,308.6,1442.0,,,No failure
B,M,,,1934.0,22.8,,No failure
B,M,,,1454.0,44.4,,No failure
B,L,,,1398.0,41.6,,No failure
A,M,298.1,308.9,1804.0,,,No failure
B,L,,,1411.0,42.4,,No failure
B,M,,,1658.0,30.4,,No failure
C,L,,,,43.3,171.0,No failure
B,L,,,1417.0,55.9,,No failure
B,L,,,1433.0,62.3,,Power Failure
B,M,,,1433.0,48.2,,No failure
B,L,,,1349.0,51.3,,No failure
C,M,,,,29.1,46.0,No failure
A,L,303.7,312.5,1641.0,,,No failure
B,L,,,1485.0,46.3,,No failure
A,L,299.1,308.3,1533.0,,,No failure
C,L,,,,50.5,214.0,No failure
C,L,,,,34.9,92.0,No failure
B,L,,,1617.0,31.7,,No failure
C,L,,,,46.9,35.0,No failure
A,L,297.8,308.4,1518.0,,,No failure
A,H,300.1,309.1,1560.0,,,No failure
B,L,,,1634.0,31.9,,No failure
C,L,,,,35.8,205.0,No failure
B,L,,,1446.0,41.7,,No failure
C,M,,,,48.3,36.0,No failure
B,L,,,1397.0,50.8,,No failure
C,L,,,,34.3,0.0,No failure
B,H,,,1336.0,63.6,,No failure
A,L,300.6,309.4,1471.0,,,No failure
B,L,,,1801.0,26.9,,No failure
A,L,298.8,308.8,1555.0,,,No failure
A,M,301.6,310.6,1924.0,,,No failure
B,M,,,1365.0,48.7,,No failure
B,L,,,1484.0,43.1,,No failure
C,M,,,,42.3,129.0,No failure
C,M,,,,41.5,201.0,No failure
B,L,,,2098.0,19.6,,No failure
B,H,,,1438.0,43.2,,No failure
C,L,,,,26.3,177.0,No failure
A,M,299.0,310.0,1337.0,,,No failure
A,L,298.4,308.9,1402.0,,,No failure
A,L,298.8,308.9,1402.0,,,No failure
B,M,,,1467.0,40.7,,No failure
C,L,,,,41.8,184.0,No failure
C,M,,,,43.7,142.0,No failure
B,L,,,1395.0,48.1,,No failure
A,L,303.7,312.5,1481.0,,,No failure
A,L,299.9,309.3,1471.0,,,No failure
A,L,299.3,310.8,1391.0,,,No failure
A,M,297.3,308.6,1471.0,,,No failure
B,M,,,1363.0,50.6,,No failure
C,L,,,,36.8,62.0,No failure
A,L,300.9,310.7,1359.0,,,No failure
B,M,,,1761.0,29.0,,No failure
A,M,301.3,311.1,1438.0,,,No failure
A,L,301.3,310.8,1450.0,,,No failure
A,H,299.7,309.2,1355.0,,,No failure
C,M,,,,41.3,32.0,No failure
B,M,,,1314.0,53.5,,No failure
A,M,297.5,308.6,1486.0,,,No failure
C,M,,,,40.9,28.0,No failure
B,M,,,1531.0,38.0,,No failure
C,L,,,,47.9,80.0,No failure
A,L,298.8,308.7,1635.0,,,No failure
A,L,297.9,307.7,1517.0,,,No failure
C,L,,,,43.2,203.0,No failure
A,L,297.4,309.0,1833.0,,,No failure
A,L,300.8,310.4,1368.0,,,No failure
B,M,,,1472.0,46.7,,No failure
C,M,,,,49.6,35.0,No failure
B,L,,,1392.0,49.7,,No failure
C,L,,,,33.5,2.0,No failure
A,L,301.2,310.7,1951.0,,,No failure
B,L,,,1325.0,51.0,,No failure
B,L,,,1438.0,58.9,,No failure
A,M,301.7,309.9,1457.0,,,No failure
C,L,,,,44.4,83.0,No failure
A,L,301.1,311.1,1387.0,,,No failure
B,L,,,1665.0,34.3,,No failure
C,L,,,,42.9,55.0,No failure
A,L,300.0,309.6,1496.0,,,No failure
A,M,298.1,308.8,1394.0,,,No failure
A,L,300.4,310.8,1390.0,,,No failure
B,H,,,1400.0,44.3,,No failure
C,L,,,,41.8,20.0,No failure
C,L,,,,34.4,228.0,No failure
C,L,,,,40.0,130.0,No failure
A,L,300.5,310.2,1764.0,,,No failure
A,L,301.0,312.2,1510.0,,,No failure
A,M,297.7,308.9,1327.0,,,No failure
C,L,,,,54.2,198.0,No failure
B,L,,,1528.0,43.9,,No failure
A,M,300.9,310.0,1416.0,,,No failure
C,L,,,,44.7,204.0,No failure
B,L,,,1386.0,57.8,,No failure
A,H,299.0,310.1,2053.0,,,No failure
A,L,297.3,307.9,1628.0,,,No failure
B,H,,,1403.0,47.7,,No failure
A,L,299.2,308.5,1340.0,,,No failure
C,L,,,,30.2,139.0,No failure
B,M,,,1323.0,57.3,,No failure
B,L,,,1497.0,41.7,,No failure
A,M,295.7,306.4,1387.0,,,No failure
B,L,,,1701.0,31.2,,No failure
C,M,,,,44.5,27.0,No failure
C,L,,,,26.0,8.0,No failure
C,M,,,,34.6,91.0,No failure
B,M,,,1447.0,39.6,,No failure
B,M,,,1399.0,54.8,,No failure
B,M,,,1460.0,37.1,,No failure
A,L,300.2,309.5,1343.0,,,No failure
B,M,,,1583.0,38.2,,No failure
C,L,,,,48.3,42.0,No failure
B,M,,,1462.0,44.3,,No failure
B,H,,,1590.0,34.3,,No failure
C,L,,,,30.7,129.0,No failure
A,L,297.4,308.3,1548.0,,,No failure
C,L,,,,22.3,102.0,No failure
A,L,300.1,309.2,1326.0,,,No failure
B,L,,,1440.0,47.0,,No failure
A,L,298.7,308.5,1444.0,,,No failure
A,M,299.1,310.1,1570.0,,,No failure
A,L,299.1,308.5,1455.0,,,No failure
C,H,,,,58.6,19.0,No failure
A,L,300.8,310.8,1486.0,,,No failure
B,L,,,1557.0,37.2,,No failure
C,H,,,,45.3,180.0,No failure
A,L,300.7,311.1,2437.0,,,No failure
C,L,,,,51.3,96.0,No failure
C,M,,,,44.9,88.0,No failure
C,L,,,,58.4,90.0,No failure
C,L,,,,37.4,171.0,No failure
C,L,,,,45.4,204.0,No failure
B,L,,,1766.0,24.6,,No failure
A,L,303.5,312.0,1366.0,,,Heat Dissipation Failure
A,L,301.1,310.8,1521.0,,,No failure
B,M,,,1372.0,54.2,,No failure
A,L,298.1,309.0,1502.0,,,No failure
C,L,,,,24.6,128.0,No failure
A,L,300.6,311.7,1448.0,,,No failure
B,L,,,1705.0,26.0,,No failure
C,L,,,,42.8,186.0,No failure
C,L,,,,43.7,59.0,No failure
C,H,,,,34.6,81.0,No failure
C,M,,,,31.6,145.0,No failure
A,L,302.4,311.8,1451.0,,,No failure
A,L,299.4,310.7,1426.0,,,No failure
C,M,,,,41.4,131.0,No failure
C,L,,,,39.4,171.0,No failure
B,H,,,1372.0,48.5,,No failure
C,L,,,,42.8,134.0,No failure
B,M,,,1329.0,57.4,,No failure
A,L,298.4,309.2,1692.0,,,No failure
A,L,301.9,310.8,1567.0,,,No failure
A,M,301.9,310.9,1317.0,,,No failure
A,M,300.3,309.8,1617.0,,,No failure
C,L,,,,53.0,39.0,No failure
C,M,,,,38.8,139.0,No failure
B,L,,,1800.0,24.3,,No failure
B,H,,,1654.0,28.6,,No failure
B,L,,,1474.0,43.7,,No failure
B,L,,,1480.0,41.1,,No failure
B,M,,,1494.0,42.6,,No failure
B,M,,,1377.0,46.7,,No failure
B,L,,,2113.0,18.5,,No failure
B,M,,,1530.0,32.6,,No failure
C,L,,,,46.0,234.0,Tool Wear Failure
C,M,,,,40.7,98.0,No failure
A,L,299.9,309.4,1858.0,,,No failure
A,L,299.7,309.3,1445.0,,,No failure
A,L,300.6,311.5,1419.0,,,No failure
A,L,301.4,310.7,1989.0,,,No failure
A,M,297.6,308.8,1416.0,,,No failure
B,L,,,1616.0,34.5,,No failure
B,L,,,1616.0,36.5,,No failure
A,L,299.0,310.3,1929.0,,,No failure
C,M,,,,45.6,129.0,No failure
C,H,,,,30.2,135.0,No failure
A,L,302.4,311.9,1867.0,,,No failure
C,L,,,,44.0,203.0,No failure
C,M,,,,61.3,202.0,Overstrain Failure
B,L,,,1550.0,39.0,,No failure
A,M,300.0,309.0,1368.0,,,No failure
A,L,301.9,309.6,1446.0,,,No failure
B,L,,,1363.0,45.5,,No failure
A,L,297.5,308.8,1502.0,,,No failure
B,L,,,2377.0,14.3,,No failure
B,L,,,1523.0,36.0,,No failure
C,L,,,,25.9,63.0,No failure
B,H,,,1556.0,35.0,,No failure
B,L,,,1522.0,35.2,,No failure
A,L,299.6,309.0,1413.0,,,No failure
C,L,,,,29.1,169.0,No failure
A,L,297.3,308.3,1411.0,,,No failure
A,L,302.6,312.1,1519.0,,,No failure
B,L,,,1365.0,66.8,,Power Failure
C,L,,,,29.9,162.0,No failure
B,M,,,1440.0,42.4,,No failure
C,L,,,,48.7,21.0,No failure
B,L,,,1736.0,26.5,,No failure
A,L,301.2,309.9,1687.0,,,No failure
C,M,,,,33.7,172.0,No failure
A,M,301.5,310.5,1412.0,,,No failure
C,L,,,,31.7,155.0,No failure
B,M,,,1432.0,41.5,,No failure
A,L,302.2,310.7,1567.0,,,No failure
C,M,,,,23.5,155.0,No failure
B,L,,,1312.0,52.1,,No failure
A,L,301.9,309.7,1424.0,,,No failure
A,L,300.6,310.6,1454.0,,,No failure
A,H,298.7,309.7,1565.0,,,No failure
A,L,303.5,312.4,1390.0,,,No failure
C,L,,,,51.6,121.0,No failure
C,L,,,,41.2,64.0,No failure
B,H,,,1387.0,42.7,,No failure
A,L,297.2,308.1,1446.0,,,No failure
A,L,303.0,312.3,1480.0,,,No failure
C,M,,,,27.9,183.0,No failure
C,L,,,,35.7,120.0,No failure
B,L,,,1491.0,38.3,,No failure
C,L,,,,25.1,86.0,No failure
A,H,300.5,309.3,1471.0,,,No failure
B,L,,,1578.0,33.0,,No failure
C,L,,,,52.6,123.0,No failure
A,L,299.1,308.8,1429.0,,,No failure
C,L,,,,57.8,152.0,No failure
C,L,,,,50.2,43.0,No failure
B,L,,,2691.0,12.1,,Power Failure
C,L,,,,47.7,84.0,No failure
C,L,,,,39.7,95.0,No failure
B,H,,,1679.0,31.2,,No failure
C,L,,,,49.7,126.0,No failure
A,M,297.3,308.3,1544.0,,,No failure
A,L,300.2,309.2,1430.0,,,No failure
C,M,,,,28.1,80.0,No failure
C,L,,,,32.0,173.0,No failure
A,M,301.8,310.7,1383.0,,,No failure
B,L,,,2672.0,11.8,,Power Failure
B,L,,,1451.0,40.5,,No failure
A,L,301.8,311.1,1495.0,,,No failure
C,L,,,,42.2,14.0,No failure
B,L,,,1662.0,32.9,,No failure
C,M,,,,47.8,83.0,No failure
C,L,,,,50.6,83.0,No failure
C,L,,,,38.2,120.0,No failure
A,L,302.2,310.6,1334.0,,,Heat Dissipation Failure
C,M,,,,39.4,17.0,No failure
C,L,,,,32.8,122.0,No failure
A,L,300.5,309.5,1379.0,,,No failure
C,L,,,,32.0,202.0,No failure
B,L,,,1531.0,40.8,,No failure
C,M,,,,36.3,104.0,No failure
B,L,,,1537.0,42.8,,No failure
A,L,300.6,310.1,1337.0,,,No failure
A,M,300.9,310.7,1362.0,,,No failure
C,H,,,,31.0,91.0,No failure
C,M,,,,56.0,61.0,No failure
B,L,,,1889.0,22.8,,No failure
A,L,299.4,308.7,1381.0,,,No failure
A,M,303.4,311.8,1316.0,,,Heat Dissipation Failure
B,H,,,1824.0,24.2,,No failure
B,M,,,1566.0,36.6,,No failure
C,L,,,,37.0,101.0,No failure
B,L,,,1440.0,42.9,,No failure
B,L,,,1470.0,43.4,,No failure
B,H,,,1471.0,48.3,,No failure
C,H,,,,29.6,65.0,No failure
B,L,,,1717.0,28.3,,No failure
A,L,302.2,311.4,1754.0,,,No failure
C,M,,,,46.9,23.0,No failure
A,L,302.5,311.5,1677.0,,,No failure
B,L,,,1681.0,31.3,,No failure
A,L,298.8,308.6,1730.0,,,No failure
C,L,,,,41.2,20.0,No failure
C,L,,,,49.6,28.0,No failure
A,L,297.7,307.2,1668.0,,,No failure
B,L,,,1638.0,35.1,,No failure
A,L,302.9,312.2,1729.0,,,No failure
A,L,300.4,311.6,1517.0,,,No failure
A,M,304.3,313.5,1416.0,,,No failure
A,H,302.6,310.4,1614.0,,,No failure
B,M,,,1392.0,41.2,,No failure
A,L,297.5,308.8,1360.0,,,No failure
C,M,,,,43.7,200.0,No failure
C,M,,,,41.9,166.0,No failure
B,L,,,1657.0,31.1,,No failure
B,L,,,2721.0,9.3,,Power Failure
A,L,302.7,311.8,1461.0,,,No failure
A,L,298.5,308.2,1595.0,,,No failure
A,M,301.7,310.8,1516.0,,,No failure
A,H,302.2,310.9,1415.0,,,No failure
C,L,,,,43.6,189.0,No failure
B,M,,,1308.0,60.5,,No failure
A,H,299.2,308.8,1440.0,,,No failure
A,L,299.7,309.6,1321.0,,,No failure
A,L,301.0,311.4,1484.0,,,No failure
A,L,298.5,309.0,1458.0,,,No failure
C,M,,,,57.8,96.0,No failure
B,L,,,1362.0,59.5,,No failure
B,L,,,1568.0,38.3,,No failure
A,L,297.9,307.6,1503.0,,,No failure
B,L,,,1431.0,44.3,,No failure
B,L,,,1672.0,30.5,,No failure
C,M,,,,33.4,203.0,No failure
C,L,,,,60.3,206.0,Overstrain Failure
A,L,298.6,309.8,1597.0,,,No failure
B,H,,,1483.0,44.0,,No failure
B,L,,,1408.0,46.7,,No failure
B,L,,,1495.0,49.2,,No failure
C,M,,,,42.4,7.0,No failure
A,L,300.2,311.0,1627.0,,,No failure
C,M,,,,47.9,163.0,No failure
C,L,,,,50.2,51.0,No failure
B,L,,,1518.0,44.3,,No failure
A,L,296.9,308.0,1514.0,,,No failure
C,L,,,,31.7,145.0,No failure
A,L,301.3,310.0,1438.0,,,No failure
C,H,,,,42.5,198.0,No failure
C,H,,,,32.8,142.0,No failure
A,M,299.8,309.4,1412.0,,,No failure
B,L,,,1408.0,45.6,,No failure
C,M,,,,21.8,141.0,No failure
A,H,297.5,308.6,1481.0,,,No failure
A,H,299.2,308.8,1908.0,,,No failure
B,M,,,1535.0,34.6,,No failure
A,M,302.6,310.5,1542.0,,,No failure
A,L,296.8,307.5,1347.0,,,No failure
A,L,297.4,308.4,1531.0,,,No failure
B,M,,,1799.0,24.5,,No failure
B,L,,,1559.0,35.2,,No failure
A,M,301.8,309.5,1732.0,,,No failure
C,L,,,,54.4,165.0,No failure
B,L,,,1604.0,34.7,,No failure
A,M,302.7,312.2,1439.0,,,No failure
C,M,,,,29.9,5.0,No failure
C,L,,,,52.9,79.0,No failure
A,M,299.0,308.9,1449.0,,,No failure
C,L,,,,28.7,108.0,No failure
C,L,,,,35.8,5.0,No failure
B,M,,,1813.0,24.6,,No failure
C,M,,,,38.3,81.0,No failure
B,M,,,1667.0,30.0,,No failure
B,M,,,1515.0,38.8,,No failure
A,H,303.3,312.5,1328.0,,,No failure
A,L,301.9,309.8,1507.0,,,No failure
B,M,,,1632.0,32.7,,No failure
C,M,,,,34.9,189.0,No failure
B,L,,,1427.0,44.7,,No failure
C,L,,,,49.9,72.0,No failure
B,H,,,1804.0,25.0,,No failure
B,L,,,1766.0,28.2,,No failure
A,M,297.5,308.9,1436.0,,,No failure
C,M,,,,27.9,136.0,No failure
B,L,,,1460.0,46.5,,No failure
C,L,,,,46.1,209.0,No failure
B,M,,,1523.0,44.6,,No failure
C,H,,,,46.8,175.0,No failure
A,M,299.2,310.5,1548.0,,,No failure
A,L,302.7,310.6,1690.0,,,No failure
C,L,,,,31.4,219.0,No failure
C,L,,,,36.6,188.0,No failure
C,M,,,,36.3,205.0,No failure
A,L,298.6,310.0,1334.0,,,No failure
B,L,,,1845.0,27.3,,No failure
C,M,,,,32.5,182.0,No failure
C,L,,,,33.7,76.0,No failure
A,M,297.4,308.4,1517.0,,,No failure
C,M,,,,33.3,191.0,No failure
C,L,,,,23.8,26.0,No failure
C,L,,,,51.3,82.0,No failure
B,H,,,1433.0,49.6,,No failure
B,M,,,1168.0,63.4,,No failure
C,L,,,,41.7,148.0,No failure
A,L,297.9,307.7,1590.0,,,No failure
B,L,,,1635.0,31.0,,No failure
B,M,,,1593.0,30.8,,No failure
A,L,299.5,309.3,1520.0,,,No failure
B,M,,,1364.0,51.8,,No failure
A,H,299.3,309.0,1425.0,,,No failure
C,L,,,,44.9,94.0,No failure
A,H,302.5,311.5,1626.0,,,No failure
B,L,,,1474.0,39.4,,No failure
A,L,302.7,310.7,1398.0,,,No failure
C,L,,,,43.0,210.0,No failure
C,M,,,,45.5,76.0,No failure
C,L,,,,54.1,109.0,No failure
B,L,,,1499.0,43.4,,No failure
B,L,,,1488.0,36.4,,No failure
C,L,,,,52.7,178.0,No failure
C,H,,,,25.9,154.0,No failure
C,L,,,,34.6,114.0,No failure
C,H,,,,36.7,17.0,No failure
B,M,,,1289.0,60.5,,No failure
B,L,,,2129.0,19.2,,No failure
A,L,299.2,308.9,1342.0,,,No failure
C,M,,,,44.9,198.0,No failure
B,L,,,1455.0,49.0,,No failure
A,L,300.5,312.0,1646.0,,,No failure
C,L,,,,29.2,195.0,No failure
A,L,301.6,310.1,1362.0,,,Heat Dissipation Failure
B,M,,,1509.0,39.7,,No failure
A,L,300.0,311.4,1590.0,,,No failure
A,L,299.0,309.4,1419.0,,,No failure
B,L,,,1463.0,38.9,,No failure
C,M,,,,22.4,36.0,No failure
A,M,301.2,310.6,1576.0,,,No failure
C,L,,,,40.4,127.0,No failure
A,L,302.2,310.6,1462.0,,,No failure
B,L,,,1608.0,33.4,,No failure
B,L,,,1650.0,29.8,,No failure
C,M,,,,60.5,10.0,No failure
C,M,,,,41.3,39.0,No failure
C,L,,,,49.2,105.0,No failure
C,L,,,,20.7,109.0,No failure
A,L,297.9,309.9,1542.0,,,No failure
C,L,,,,40.6,162.0,No failure
A,L,299.6,309.0,1525.0,,,No failure
B,H,,,1569.0,33.9,,No failure
A,L,301.9,310.4,1370.0,,,Heat Dissipation Failure
C,L,,,,36.1,89.0,No failure
B,M,,,1348.0,58.2,,No failure
A,H,300.5,309.5,1635.0,,,No failure
C,H,,,,52.3,9.0,No failure
C,M,,,,44.4,34.0,No failure
A,L,300.6,310.5,1642.0,,,No failure
C,L,,,,45.0,104.0,No failure
B,M,,,1679.0,33.3,,No failure
C,M,,,,50.5,34.0,No failure
B,M,,,1419.0,50.9,,No failure
B,M,,,1448.0,44.9,,No failure
B,L,,,1613.0,42.5,,No failure
C,L,,,,62.5,200.0,Overstrain Failure
A,M,299.3,309.1,1571.0,,,No failure
B,M,,,1500.0,40.2,,No failure
C,L,,,,50.6,220.0,Overstrain Failure
A,L,300.0,311.5,1455.0,,,No failure
A,L,303.7,312.8,1627.0,,,No failure
C,L,,,,27.1,32.0,No failure
B,L,,,1296.0,69.1,,Power Failure
C,M,,,,33.0,34.0,No failure
C,M,,,,50.6,141.0,No failure
A,H,297.3,308.1,1554.0,,,No failure
B,L,,,1309.0,49.6,,No failure
B,L,,,1439.0,51.9,,No failure
C,L,,,,19.7,17.0,No failure
A,L,301.7,311.0,1715.0,,,No failure
C,M,,,,49.4,77.0,No failure
A,L,297.5,308.5,1712.0,,,No failure
A,L,302.3,311.1,1589.0,,,No failure
B,L,,,1336.0,71.6,,Power Failure
A,M,299.7,309.2,1685.0,,,No failure
A,L,300.5,311.9,1431.0,,,No failure
B,L,,,1445.0,40.3,,No failure
C,L,,,,29.1,102.0,No failure
B,L,,,1821.0,26.1,,No failure
C,L,,,,45.1,101.0,No failure
C,H,,,,20.5,9.0,No failure
A,L,302.7,310.5,1725.0,,,No failure
A,M,298.8,308.4,1604.0,,,No failure
B,L,,,1760.0,23.9,,No failure
C,L,,,,41.8,87.0,No failure
B,M,,,1517.0,38.4,,No failure
C,L,,,,46.2,110.0,No failure
B,L,,,1472.0,44.5,,No failure
A,L,300.8,312.3,1435.0,,,No failure
C,L,,,,20.5,36.0,No failure
B,L,,,1415.0,49.2,,No failure
B,L,,,1573.0,37.6,,No failure
B,L,,,1492.0,45.0,,No failure
C,L,,,,41.1,82.0,No failure
B,L,,,1650.0,31.9,,No failure
C,L,,,,36.3,184.0,No failure
A,H,298.3,309.1,1484.0,,,No failure
A,M,299.6,309.4,1283.0,,,No failure
B,L,,,1716.0,29.9,,No failure
B,L,,,1425.0,44.2,,No failure
A,L,298.4,308.6,1591.0,,,No failure
B,L,,,1505.0,44.9,,No failure
B,L,,,1381.0,49.4,,No failure
C,L,,,,61.0,186.0,Overstrain Failure
A,M,300.6,309.5,1492.0,,,No failure
A,L,297.5,308.3,1437.0,,,No failure
A,L,297.2,308.5,1550.0,,,No failure
A,H,297.5,308.9,1419.0,,,No failure
B,M,,,1405.0,46.9,,No failure
B,M,,,1490.0,37.1,,No failure
B,L,,,1520.0,38.3,,No failure
B,H,,,1509.0,46.6,,No failure
C,L,,,,37.5,55.0,No failure
B,M,,,1538.0,36.7,,No failure
B,L,,,1469.0,44.7,,No failure
C,L,,,,23.2,70.0,No failure
B,L,,,1587.0,30.2,,No failure
C,L,,,,57.2,174.0,No failure
A,M,298.6,309.1,1587.0,,,No failure
B,L,,,1423.0,42.7,,No failure
C,H,,,,37.1,84.0,No failure
B,L,,,1716.0,26.6,,No failure
A,M,296.1,307.2,1619.0,,,No failure
B,L,,,1351.0,44.1,,No failure
A,M,300.8,310.4,1288.0,,,No failure
A,L,303.3,311.6,1301.0,,,Heat Dissipation Failure
A,L,302.8,312.2,1458.0,,,No failure
B,M,,,1569.0,32.5,,No failure
B,L,,,1476.0,39.0,,No failure
C,M,,,,48.6,76.0,No failure
C,L,,,,35.0,6.0,No failure
B,L,,,1530.0,38.5,,No failure
C,L,,,,44.4,106.0,No failure
C,H,,,,36.8,186.0,No failure
C,L,,,,46.0,89.0,No failure
C,L,,,,44.7,170.0,No failure
A,L,302.4,311.0,1475.0,,,No failure
A,L,301.8,310.5,1593.0,,,No failure
B,L,,,1481.0,44.1,,No failure
B,L,,,1488.0,41.1,,No failure
B,M,,,2636.0,12.2,,Power Failure
B,M,,,1367.0,43.4,,No failure
B,L,,,1455.0,46.0,,No failure
C,L,,,,41.0,74.0,No failure
B,M,,,1599.0,32.9,,No failure
B,H,,,1358.0,60.4,,No failure
B,L,,,1788.0,27.8,,No failure
C,L,,,,32.8,57.0,No failure
B,L,,,1490.0,33.6,,No failure
B,L,,,1518.0,35.8,,No failure
C,L,,,,59.0,135.0,No failure
B,L,,,1352.0,63.5,,No failure
B,L,,,1521.0,38.5,,No failure
A,L,296.3,307.3,1372.0,,,No failure
A,L,303.9,313.3,1526.0,,,No failure
A,L,300.5,309.8,1461.0,,,No failure
C,L,,,,29.5,35.0,No failure
B,L,,,1384.0,48.7,,No failure
B,L,,,1422.0,42.1,,No failure
A,L,302.2,311.1,1447.0,,,No failure
B,L,,,1378.0,47.3,,No failure
B,M,,,2071.0,19.4,,No failure
A,L,298.3,308.9,1708.0,,,No failure
C,M,,,,52.5,157.0,No failure
B,H,,,1660.0,29.3,,No failure
B,M,,,1486.0,41.2,,No failure
B,H,,,1482.0,42.6,,No failure
C,L,,,,34.5,102.0,No failure
A,L,298.1,308.3,1495.0,,,No failure
B,L,,,1336.0,61.3,,No failure
A,M,300.6,309.6,1503.0,,,No failure
B,L,,,1473.0,42.6,,No failure
C,L,,,,47.0,119.0,No failure
C,L,,,,56.9,170.0,No failure
A,L,297.8,307.3,1859.0,,,No failure
B,H,,,1662.0,30.7,,No failure
A,L,298.8,309.6,1442.0,,,No failure
A,L,301.6,310.9,1385.0,,,No failure
A,L,299.3,309.0,1449.0,,,No failure
C,M,,,,31.6,124.0,No failure
B,M,,,1562.0,39.2,,No failure
C,L,,,,37.2,180.0,No failure
C,L,,,,51.8,216.0,Overstrain Failure
A,L,301.5,310.7,1466.0,,,No failure
B,M,,,1487.0,39.2,,No failure
B,L,,,1553.0,40.1,,No failure
B,L,,,1623.0,33.4,,No failure
B,M,,,1851.0,24.7,,No failure
C,L,,,,43.3,46.0,No failure
A,L,300.0,309.6,1618.0,,,No failure
A,L,298.5,308.1,1662.0,,,No failure
B,M,,,1748.0,28.5,,No failure
A,L,302.9,312.2,1513.0,,,No failure
C,M,,,,38.1,182.0,No failure
A,M,298.0,308.9,1339.0,,,No failure
B,L,,,1830.0,24.9,,No failure
A,H,297.0,307.7,1834.0,,,No failure
B,L,,,1483.0,41.1,,No failure
B,L,,,1542.0,36.2,,No failure
C,M,,,,35.2,183.0,No failure
B,M,,,1369.0,51.2,,No failure
C,L,,,,41.1,88.0,No failure
B,L,,,1403.0,64.2,,Power Failure
A,H,298.8,310.2,1663.0,,,No failure
A,M,299.8,309.1,1456.0,,,No failure
B,L,,,1557.0,35.1,,No failure
A,M,300.7,310.8,1465.0,,,No failure
A,L,297.4,308.5,2100.0,,,No failure
A,L,300.6,310.0,1511.0,,,No failure
C,M,,,,49.1,22.0,No failure
B,L,,,2250.0,16.6,,No failure
B,H,,,1610.0,38.6,,No failure
B,M,,,1628.0,30.3,,No failure
C,L,,,,38.8,197.0,No failure
A,L,300.7,311.0,1496.0,,,No failure
C,M,,,,44.2,57.0,No failure
B,L,,,1467.0,44.9,,No failure
A,L,303.7,312.5,1462.0,,,No failure
A,L,298.8,310.1,1607.0,,,No failure
A,L,302.0,310.5,1567.0,,,No failure
B,L,,,1508.0,37.1,,No failure
C,L,,,,24.3,110.0,No failure
C,L,,,,47.4,56.0,No failure
B,L,,,1230.0,59.6,,No failure
B,M,,,1510.0,47.8,,No failure
C,L,,,,45.7,180.0,No failure
C,M,,,,40.2,162.0,No failure
B,M,,,1492.0,35.5,,No failure
A,L,298.3,309.1,1421.0,,,No failure
A,M,300.7,309.5,1352.0,,,No failure
A,L,297.5,308.8,1477.0,,,No failure
C,L,,,,41.4,168.0,No failure
B,L,,,1471.0,48.0,,No failure
A,H,298.8,309.2,1306.0,,,No failure
C,L,,,,36.9,53.0,No failure
B,M,,,1359.0,51.4,,No failure
C,L,,,,41.0,213.0,No failure
A,H,298.8,309.9,1439.0,,,No failure
C,L,,,,34.8,115.0,No failure
C,L,,,,38.3,61.0,No failure
C,L,,,,39.9,157.0,No failure
A,M,302.2,310.9,1302.0,,,No failure
B,L,,,1395.0,46.2,,No failure
C,M,,,,39.8,34.0,No failure
A,M,300.8,310.8,1415.0,,,No failure
C,L,,,,52.7,132.0,No failure
A,H,298.6,309.5,1523.0,,,No failure
A,L,298.8,309.9,1428.0,,,No failure
A,M,300.7,311.0,1413.0,,,No failure
B,M,,,1705.0,28.5,,No failure
C,L,,,,41.3,208.0,Tool Wear Failure
B,H,,,1431.0,48.5,,No failure
A,L,304.2,313.4,1740.0,,,No failure
A,L,301.8,309.5,1525.0,,,No failure
B,M,,,1534.0,39.1,,No failure
C,M,,,,52.0,95.0,No failure
B,L,,,1523.0,40.7,,No failure
A,H,300.4,309.6,1571.0,,,No failure
B,M,,,1505.0,44.5,,No failure
B,L,,,1737.0,26.1,,No failure
A,M,302.5,310.3,1447.0,,,No failure
C,L,,,,59.8,182.0,No failure
A,M,297.6,308.2,1995.0,,,No failure
B,L,,,1491.0,50.0,,No failure
A,M,298.6,309.0,1481.0,,,No failure
C,M,,,,34.3,149.0,No failure
B,L,,,1668.0,28.7,,Random Failures
C,L,,,,16.8,0.0,No failure
B,L,,,1399.0,51.3,,No failure
B,H,,,1466.0,45.2,,No failure
B,L,,,1424.0,51.1,,No failure
C,M,,,,30.0,12.0,No failure
B,L,,,1524.0,46.6,,No failure
B,L,,,1653.0,27.6,,No failure
A,H,297.6,309.5,1623.0,,,No failure
A,L,300.6,311.9,1413.0,,,No failure
A,L,299.6,309.1,1574.0,,,No failure
C,L,,,,42.0,23.0,No failure
C,L,,,,38.2,188.0,No failure
A,L,298.1,308.0,1697.0,,,No failure
A,H,298.5,309.4,1573.0,,,No failure
C,M,,,,44.0,144.0,No failure
A,L,297.5,308.3,1544.0,,,No failure
B,L,,,1463.0,37.4,,No failure
B,L,,,1650.0,35.2,,No failure
C,L,,,,46.7,105.0,No failure
A,L,298.1,309.0,1437.0,,,No failure
B,L,,,1437.0,41.6,,No failure
B,M,,,1463.0,50.2,,No failure
A,M,296.9,307.8,1544.0,,,No failure
B,M,,,1482.0,38.3,,No failure
C,L,,,,30.8,195.0,No failure
B,L,,,1414.0,38.8,,No failure
B,M,,,1552.0,40.9,,No failure
C,L,,,,34.1,93.0,No failure
C,L,,,,57.7,142.0,No failure
B,L,,,1366.0,43.0,,No failure
C,L,,,,55.8,193.0,No failure
A,M,302.1,311.3,1453.0,,,No failure
A,M,302.5,310.5,1527.0,,,No failure
B,L,,,1539.0,46.8,,No failure
B,L,,,1608.0,32.9,,No failure
A,L,299.2,308.2,1466.0,,,No failure
C,L,,,,46.2,186.0,No failure
B,M,,,1443.0,50.3,,No failure
A,L,302.6,310.9,1331.0,,,Heat Dissipation Failure
B,L,,,1482.0,41.4,,No failure
B,L,,,1574.0,31.4,,No failure
A,M,302.5,311.8,2023.0,,,No failure
A,L,298.0,308.7,1511.0,,,No failure
A,M,302.3,311.9,1508.0,,,No failure
C,L,,,,31.6,147.0,No failure
B,L,,,1333.0,61.0,,No failure
A,L,298.9,310.0,1693.0,,,No failure
A,M,298.0,309.9,1445.0,,,No failure
C,L,,,,26.8,125.0,No failure
C,M,,,,37.4,169.0,No failure
B,L,,,1493.0,47.3,,No failure
C,M,,,,43.0,56.0,No failure
C,M,,,,35.1,9.0,No failure
C,L,,,,38.0,168.0,No failure
B,L,,,1348.0,54.5,,No failure
C,L,,,,40.3,21.0,No failure
A,L,300.3,311.4,1544.0,,,No failure
A,M,298.3,308.0,1463.0,,,No failure
A,L,301.2,309.9,1449.0,,,No failure
A,L,300.3,311.8,1547.0,,,No failure
C,L,,,,57.9,191.0,Overstrain Failure
A,M,301.2,312.3,1548.0,,,No failure
C,L,,,,49.2,195.0,No failure
B,M,,,1691.0,30.1,,No failure
C,L,,,,33.9,193.0,No failure
B,H,,,1568.0,36.9,,No failure
C,L,,,,48.3,162.0,No failure
A,L,301.6,310.6,1621.0,,,No failure
A,M,302.3,311.6,1668.0,,,No failure
A,L,300.3,310.3,1629.0,,,No failure
A,M,299.1,308.5,1592.0,,,No failure
A,L,300.7,310.7,1425.0,,,No failure
A,L,298.5,309.3,1590.0,,,No failure
B,M,,,1418.0,44.7,,No failure
A,M,302.6,312.1,2000.0,,,No failure
C,L,,,,48.5,164.0,No failure
C,M,,,,41.3,93.0,No failure
C,L,,,,19.9,96.0,No failure
C,H,,,,43.8,18.0,No failure
C,L,,,,33.4,123.0,No failure
A,L,298.7,309.9,1404.0,,,No failure
A,H,297.3,308.6,1499.0,,,No failure
A,L,298.3,308.3,1452.0,,,No failure
C,L,,,,37.0,167.0,No failure
C,L,,,,55.1,50.0,No failure
B,M,,,1590.0,36.3,,No failure
C,M,,,,49.8,85.0,No failure
C,M,,,,35.9,148.0,No failure
C,L,,,,55.4,217.0,Overstrain Failure
A,M,302.0,311.5,1366.0,,,No failure
A,L,302.7,310.9,1395.0,,,No failure
A,M,298.1,308.0,1374.0,,,No failure
A,L,298.2,307.9,1551.0,,,No failure
C,H,,,,29.0,125.0,No failure
B,H,,,1538.0,38.3,,No failure
B,M,,,1353.0,51.0,,No failure
B,L,,,1660.0,30.3,,No failure
C,L,,,,46.6,185.0,No failure
A,L,300.7,309.6,1661.0,,,No failure
C,L,,,,41.0,109.0,No failure
C,L,,,,33.3,116.0,No failure
A,L,297.4,308.4,1582.0,,,No failure
B,M,,,1434.0,46.2,,No failure
B,H,,,1855.0,22.5,,No failure
B,L,,,1670.0,35.9,,No failure
A,L,302.3,311.7,1453.0,,,No failure
B,L,,,1418.0,44.7,,No failure
A,L,300.9,309.5,1612.0,,,No failure
C,M,,,,28.0,5.0,No failure
B,M,,,1774.0,25.5,,No failure
B,M,,,1335.0,50.4,,No failure
A,L,298.9,309.7,1407.0,,,No failure
A,L,302.5,310.4,1349.0,,,Heat Dissipation Failure
A,M,297.5,308.7,1363.0,,,No failure
C,M,,,,31.4,86.0,No failure
C,L,,,,38.3,102.0,No failure
C,L,,,,55.2,156.0,No failure
C,H,,,,37.4,75.0,No failure
A,L,298.9,308.8,1281.0,,,No failure
B,L,,,1733.0,25.7,,No failure
C,L,,,,42.4,0.0,No failure
C,L,,,,56.8,194.0,Overstrain Failure
A,M,301.1,311.1,1615.0,,,No failure
A,L,297.5,308.7,1407.0,,,No failure
A,M,296.7,307.6,1547.0,,,No failure
B,M,,,1636.0,34.4,,No failure
C,M,,,,30.7,76.0,No failure
B,L,,,1424.0,53.9,,No failure
A,L,298.2,308.4,1478.0,,,No failure
C,L,,,,47.2,201.0,No failure
A,M,298.9,310.1,1441.0,,,No failure
A,L,300.0,311.5,1591.0,,,No failure
A,L,297.6,309.5,1574.0,,,No failure
A,M,298.5,309.6,1364.0,,,No failure
C,M,,,,47.0,90.0,No failure
A,L,297.8,308.9,1506.0,,,No failure
C,M,,,,29.6,73.0,No failure
C,M,,,,47.4,142.0,No failure
C,M,,,,47.0,73.0,No failure
B,L,,,1597.0,36.4,,No failure
C,L,,,,34.9,122.0,No failure
A,L,298.2,307.7,1688.0,,,No failure
A,M,300.6,311.6,1669.0,,,No failure
C,H,,,,36.5,40.0,No failure
B,M,,,1594.0,31.0,,No failure
C,H,,,,30.9,79.0,No failure
B,L,,,1536.0,34.5,,No failure
B,H,,,1538.0,38.4,,No failure
C,L,,,,67.8,197.0,Overstrain Failure
A,L,301.0,310.9,1828.0,,,No failure
A,L,300.2,309.4,1558.0,,,No failure
B,L,,,1322.0,53.0,,No failure
B,L,,,1842.0,24.5,,No failure
C,L,,,,37.7,29.0,No failure
A,M,298.0,308.5,1666.0,,,No failure
A,L,300.9,310.4,1536.0,,,No failure
B,L,,,1529.0,33.4,,No failure
C,M,,,,61.3,207.0,Overstrain Failure
B,L,,,1356.0,51.9,,No failure
A,L,302.7,312.2,1611.0,,,No failure
C,M,,,,40.3,149.0,No failure
C,L,,,,31.5,197.0,No failure
A,M,299.0,310.2,1628.0,,,No failure
A,M,297.3,309.0,1556.0,,,No failure
B,L,,,1408.0,47.2,,No failure
B,L,,,1515.0,36.5,,No failure
B,M,,,1444.0,47.5,,No failure
B,L,,,1618.0,35.5,,No failure
A,M,298.7,309.1,1423.0,,,No failure
A,M,301.7,310.7,1659.0,,,No failure
A,M,297.8,307.8,1622.0,,,No failure
C,M,,,,35.1,44.0,No failure
C,L,,,,38.6,53.0,No failure
B,L,,,1421.0,53.6,,No failure
C,L,,,,58.3,35.0,No failure
A,L,301.5,310.6,1490.0,,,No failure
A,L,298.0,308.9,1500.0,,,No failure
B,L,,,1519.0,40.7,,No failure
B,L,,,1508.0,41.5,,No failure
C,H,,,,41.4,67.0,No failure
C,M,,,,53.9,110.0,No failure
A,L,299.1,308.3,1305.0,,,No failure
C,L,,,,54.7,65.0,No failure
C,L,,,,26.5,145.0,No failure
A,M,298.2,309.1,1411.0,,,No failure
A,L,300.6,311.7,1497.0,,,No failure
B,L,,,1666.0,27.2,,No failure
A,H,299.4,310.8,1585.0,,,No failure
C,H,,,,31.1,20.0,No failure
C,L,,,,35.0,205.0,Tool Wear Failure
B,L,,,1542.0,38.5,,No failure
A,L,302.2,311.7,1412.0,,,No failure
A,L,300.5,311.6,1730.0,,,No failure
A,L,299.4,308.5,1845.0,,,No failure
A,M,301.7,311.0,1311.0,,,No failure
A,H,301.0,310.4,1512.0,,,No failure
C,H,,,,53.9,135.0,No failure
C,M,,,,52.3,104.0,No failure
B,L,,,1284.0,68.0,,Power Failure
A,L,297.6,308.7,1552.0,,,No failure
C,M,,,,37.4,144.0,No failure
A,M,300.6,310.2,1478.0,,,No failure
C,H,,,,49.6,50.0,No failure
B,L,,,1646.0,34.5,,No failure
B,L,,,1370.0,52.4,,No failure
B,L,,,1633.0,33.3,,No failure
B,L,,,1618.0,35.2,,No failure
C,L,,,,52.6,21.0,No failure
A,M,299.6,310.1,1357.0,,,No failure
B,L,,,1505.0,34.9,,No failure
C,H,,,,41.3,0.0,No failure
C,M,,,,25.9,174.0,No failure
A,H,302.3,311.5,1526.0,,,No failure
B,L,,,1577.0,36.9,,No failure
B,M,,,1443.0,39.2,,No failure
B,M,,,1580.0,35.6,,No failure
A,L,297.5,308.2,1419.0,,,No failure
C,L,,,,38.5,47.0,No failure
C,M,,,,34.0,28.0,No failure
A,L,298.2,308.3,1402.0,,,No failure
A,H,302.8,312.3,1336.0,,,No failure
B,L,,,1546.0,31.1,,No failure
A,L,301.3,310.8,1719.0,,,No failure
C,L,,,,35.2,31.0,No failure
A,L,297.4,308.8,1467.0,,,No failure
C,M,,,,21.1,44.0,No failure
B,L,,,1536.0,40.4,,No failure
C,L,,,,34.4,57.0,No failure
A,L,296.3,307.2,1637.0,,,No failure
C,L,,,,26.8,94.0,No failure
C,L,,,,47.6,130.0,No failure
B,L,,,1477.0,44.0,,No failure
B,M,,,1345.0,56.8,,No failure
C,H,,,,46.6,192.0,No failure
C,H,,,,24.8,156.0,No failure
B,M,,,1374.0,53.6,,No failure
A,M,300.3,311.5,1400.0,,,No failure
B,L,,,1392.0,42.4,,No failure
C,M,,,,31.9,137.0,No failure
C,L,,,,56.9,47.0,No failure
C,L,,,,40.6,144.0,No failure
C,L,,,,34.3,144.0,No failure
A,L,300.6,310.3,1794.0,,,No failure
C,L,,,,46.3,203.0,Tool Wear Failure
B,L,,,1316.0,51.4,,No failure
C,M,,,,30.2,188.0,No failure
C,L,,,,54.8,173.0,No failure
B,H,,,1530.0,42.0,,No failure
A,L,299.5,310.8,1873.0,,,No failure
C,L,,,,50.1,88.0,No failure
B,L,,,1451.0,47.5,,No failure
B,H,,,1662.0,28.8,,No failure
C,M,,,,29.7,137.0,No failure
B,M,,,1883.0,23.3,,No failure
A,L,299.0,310.3,1501.0,,,No failure
A,L,299.2,308.4,1877.0,,,No failure
B,L,,,1495.0,48.1,,No failure
C,M,,,,40.4,61.0,No failure
A,L,300.6,310.7,1438.0,,,No failure
A,L,297.4,308.5,1475.0,,,No failure
B,H,,,1450.0,46.1,,No failure
A,L,296.3,307.1,1560.0,,,No failure
A,L,299.0,308.8,1310.0,,,No failure
A,L,300.0,309.1,1882.0,,,No failure
C,L,,,,46.4,129.0,No failure
C,L,,,,32.9,10.0,No failure
B,L,,,1549.0,38.9,,No failure
C,M,,,,36.6,190.0,No failure
B,M,,,1533.0,42.6,,No failure
A,L,304.0,313.0,2354.0,,,No failure
A,L,298.4,309.3,1806.0,,,No failure
B,M,,,1725.0,28.3,,No failure
A,L,299.7,309.2,1631.0,,,No failure
B,M,,,1645.0,33.4,,No failure
C,M,,,,35.9,197.0,No failure
C,M,,,,35.6,2.0,No failure
B,M,,,1570.0,42.1,,No failure
C,M,,,,37.2,19.0,No failure
C,L,,,,40.4,169.0,No failure
C,M,,,,48.1,43.0,No failure
B,L,,,1647.0,33.3,,No failure
A,L,302.6,311.0,1620.0,,,No failure
A,M,301.3,311.0,1495.0,,,No failure
B,L,,,1486.0,41.8,,No failure
B,H,,,1393.0,44.9,,No failure
B,M,,,1655.0,31.5,,No failure
C,M,,,,42.5,54.0,No failure
B,L,,,1483.0,39.2,,No failure
B,L,,,1297.0,50.0,,No failure
A,L,302.7,312.1,1728.0,,,No failure
C,L,,,,33.5,14.0,No failure
B,L,,,1470.0,40.6,,No failure
C,H,,,,47.1,149.0,No failure
A,L,303.3,311.3,1592.0,,,No failure
A,M,300.8,310.3,1270.0,,,No failure
C,M,,,,19.0,143.0,No failure
C,M,,,,55.6,69.0,No failure
A,L,303.9,313.2,1540.0,,,No failure
B,L,,,1345.0,48.2,,No failure
A,M,297.2,308.6,1404.0,,,No failure
B,L,,,1493.0,51.1,,No failure
B,L,,,1530.0,34.9,,No failure
B,L,,,1693.0,28.0,,No failure
A,M,300.7,310.6,1439.0,,,No failure
A,L,299.2,308.4,1711.0,,,No failure
A,H,299.0,310.1,1555.0,,,No failure
B,H,,,1598.0,37.9,,No failure
B,L,,,2874.0,4.2,,Power Failure
C,L,,,,37.8,59.0,No failure
B,L,,,1498.0,46.9,,No failure
C,L,,,,35.5,91.0,No failure
B,L,,,1476.0,36.8,,No failure
C,L,,,,52.7,2.0,No failure
A,L,299.0,310.3,1472.0,,,No failure
C,L,,,,40.0,175.0,No failure
A,L,297.3,308.4,1459.0,,,No failure
C,H,,,,23.6,119.0,No failure
C,L,,,,35.3,73.0,No failure
C,L,,,,33.4,58.0,No failure
C,M,,,,36.0,21.0,No failure
C,L,,,,50.8,128.0,No failure
A,H,298.8,308.6,1524.0,,,No failure
C,M,,,,42.0,150.0,No failure
B,L,,,1794.0,26.1,,No failure
B,L,,,1360.0,48.1,,No failure
B,L,,,1454.0,40.3,,No failure
C,L,,,,68.9,135.0,No failure
A,L,302.2,310.6,1348.0,,,Heat Dissipation Failure
B,M,,,1464.0,48.6,,No failure
B,H,,,1891.0,24.7,,No failure
A,M,301.3,310.8,1455.0,,,No failure
A,L,300.7,311.8,1441.0,,,No failure
B,L,,,1530.0,38.3,,No failure
A,M,300.6,309.4,1541.0,,,No failure
A,M,302.6,312.2,1353.0,,,No failure
A,M,300.9,310.8,1402.0,,,No failure
C,M,,,,52.5,171.0,No failure
B,L,,,1389.0,39.2,,No failure
C,M,,,,37.8,3.0,No failure
A,M,304.3,313.3,1540.0,,,No failure
C,M,,,,34.1,215.0,No failure
A,L,300.6,310.0,1313.0,,,No failure
B,L,,,1660.0,28.7,,No failure
A,M,300.3,310.2,1442.0,,,No failure
B,L,,,1314.0,50.2,,No failure
B,M,,,2678.0,10.7,,Power Failure
A,H,298.1,309.1,1425.0,,,No failure
A,L,299.7,309.2,1645.0,,,No failure
C,L,,,,45.8,184.0,No failure
C,L,,,,45.3,29.0,No failure
C,H,,,,52.4,105.0,No failure
A,L,300.8,311.8,1417.0,,,No failure
B,L,,,1570.0,35.6,,No failure
C,M,,,,45.1,193.0,No failure
A,M,298.0,307.8,1483.0,,,No failure
C,L,,,,46.4,2.0,No failure
C,L,,,,32.7,53.0,No failure
C,L,,,,33.8,148.0,No failure
C,L,,,,53.6,207.0,Overstrain Failure
B,M,,,1503.0,34.7,,No failure
B,L,,,1670.0,30.0,,No failure
C,L,,,,32.0,79.0,No failure
A,L,300.4,311.3,1495.0,,,No failure
C,M,,,,48.5,158.0,No failure
B,H,,,1496.0,41.1,,No failure
C,M,,,,38.7,45.0,No failure
A,M,300.1,311.4,1390.0,,,No failure
A,L,298.0,307.6,1385.0,,,No failure
A,L,300.9,310.8,1701.0,,,No failure
B,L,,,1274.0,55.7,,No failure
B,M,,,1410.0,44.5,,No failure
C,L,,,,53.7,61.0,No failure
A,L,300.5,311.6,1365.0,,,No failure
B,L,,,1419.0,48.8,,No failure
A,L,295.6,306.3,1636.0,,,No failure
A,L,303.2,311.2,1363.0,,,Heat Dissipation Failure
A,L,299.0,310.4,1512.0,,,No failure
B,M,,,1451.0,43.1,,No failure
C,H,,,,32.6,33.0,No failure
B,M,,,1414.0,46.2,,No failure
C,M,,,,32.1,143.0,No failure
A,H,302.7,312.0,1484.0,,,No failure
B,L,,,1403.0,45.1,,No failure
C,H,,,,32.6,43.0,No failure
A,L,301.0,310.9,1568.0,,,No failure
B,L,,,1673.0,32.2,,No failure
A,M,302.3,311.7,1341.0,,,No failure
A,M,300.1,309.2,1457.0,,,No failure
B,M,,,1463.0,35.0,,No failure
A,L,298.7,309.8,1469.0,,,No failure
B,L,,,1529.0,35.5,,No failure
C,M,,,,21.8,135.0,No failure
A,H,298.2,307.6,1318.0,,,No failure
B,L,,,1553.0,42.7,,No failure
C,H,,,,39.6,96.0,No failure
A,M,301.3,311.0,1410.0,,,No failure
B,M,,,1525.0,39.3,,No failure
C,L,,,,38.6,107.0,No failure
B,L,,,1510.0,38.6,,No failure
A,L,303.8,312.8,1416.0,,,No failure
C,M,,,,51.9,218.0,No failure
B,L,,,1881.0,21.7,,No failure
C,L,,,,34.2,72.0,No failure
C,L,,,,46.2,62.0,No failure
B,L,,,1387.0,57.6,,No failure
A,L,300.4,311.8,1320.0,,,No failure
A,L,303.3,311.4,1958.0,,,No failure
B,M,,,1404.0,49.4,,No failure
A,M,298.4,308.5,1576.0,,,No failure
B,L,,,1378.0,51.1,,No failure
B,L,,,2142.0,16.6,,No failure
B,M,,,1463.0,46.5,,No failure
B,M,,,1570.0,35.3,,No failure
C,L,,,,28.4,54.0,No failure
C,M,,,,44.5,195.0,No failure
B,L,,,1692.0,27.4,,No failure
C,L,,,,36.6,22.0,No failure
C,L,,,,36.9,87.0,No failure
A,L,298.7,309.6,1442.0,,,No failure
B,L,,,1374.0,56.6,,No failure
B,L,,,1641.0,31.1,,No failure
A,L,302.3,311.7,1465.0,,,No failure
B,M,,,1577.0,48.3,,No failure
B,L,,,1458.0,45.1,,No failure
B,L,,,1352.0,52.6,,No failure
A,M,298.2,308.9,1592.0,,,No failure
C,L,,,,43.6,22.0,No failure
C,M,,,,26.5,6.0,No failure
C,M,,,,33.9,40.0,No failure
A,M,303.8,312.7,1919.0,,,No failure
B,L,,,1467.0,44.5,,No failure
A,L,299.6,310.8,1393.0,,,No failure
A,M,301.4,310.6,1459.0,,,No failure
A,M,297.9,309.0,1530.0,,,No failure
C,L,,,,33.7,193.0,No failure
C,M,,,,32.7,101.0,No failure
B,L,,,1759.0,28.3,,No failure
A,L,301.2,310.9,1467.0,,,No failure
B,L,,,1852.0,22.6,,No failure
C,L,,,,45.9,47.0,No failure
A,L,297.5,308.6,1694.0,,,No failure
B,L,,,1435.0,44.2,,No failure
B,L,,,1415.0,44.1,,No failure
B,L,,,1739.0,27.5,,No failure
B,L,,,1422.0,42.4,,No failure
A,L,298.7,308.5,1375.0,,,No failure
B,L,,,1394.0,42.9,,No failure
A,H,297.2,308.6,1486.0,,,No failure
B,M,,,1370.0,44.8,,No failure
B,H,,,1587.0,33.8,,No failure
A,H,298.0,307.6,1593.0,,,No failure
B,L,,,1461.0,46.3,,No failure
C,L,,,,31.6,95.0,No failure
A,L,297.4,308.1,1348.0,,,No failure
B,L,,,1759.0,24.6,,No failure
A,L,298.4,307.9,1446.0,,,No failure
A,M,295.6,306.1,1418.0,,,No failure
C,L,,,,47.9,188.0,No failure
B,L,,,1743.0,28.1,,No failure
A,L,300.4,311.7,1460.0,,,No failure
C,L,,,,42.9,42.0,No failure
C,L,,,,24.1,112.0,No failure
A,M,297.6,308.8,1357.0,,,No failure
B,L,,,1525.0,43.7,,No failure
A,M,298.4,309.7,1870.0,,,No failure
C,M,,,,42.5,185.0,No failure
A,M,302.2,310.8,1408.0,,,No failure
B,L,,,1540.0,36.3,,No failure
C,M,,,,61.9,130.0,No failure
A,L,297.9,308.8,1681.0,,,No failure
A,L,301.7,310.2,1311.0,,,Heat Dissipation Failure
A,L,303.4,311.8,1366.0,,,Heat Dissipation Failure
B,L,,,1762.0,26.1,,No failure
C,L,,,,47.7,191.0,No failure
B,M,,,1510.0,37.1,,No failure
C,M,,,,28.6,112.0,No failure
B,M,,,1791.0,24.1,,No failure
C,L,,,,42.7,147.0,No failure
B,L,,,2194.0,16.8,,No failure
B,L,,,1447.0,38.1,,No failure
C,L,,,,52.7,212.0,Overstrain Failure
A,M,299.0,310.3,1494.0,,,No failure
B,L,,,1977.0,20.2,,No failure
A,M,300.2,309.6,1556.0,,,No failure
C,M,,,,28.5,43.0,No failure
B,L,,,1942.0,20.5,,No failure
A,H,300.6,312.1,1354.0,,,No failure
B,H,,,1806.0,27.7,,No failure
B,M,,,1537.0,37.5,,No failure
A,L,300.5,310.3,1683.0,,,No failure
C,L,,,,47.1,101.0,No failure
A,L,304.1,313.1,1666.0,,,No failure
A,L,298.2,307.6,1369.0,,,No failure
C,H,,,,35.6,202.0,No failure
C,H,,,,47.2,152.0,No failure
B,L,,,1594.0,34.1,,No failure
C,L,,,,38.9,94.0,No failure
A,L,298.6,309.5,1450.0,,,No failure
C,H,,,,54.0,6.0,No failure
A,L,298.2,308.3,1475.0,,,No failure
C,H,,,,55.0,12.0,Random Failures
C,M,,,,47.4,51.0,No failure
A,L,297.9,308.8,1613.0,,,No failure
B,L,,,1573.0,36.6,,No failure
B,L,,,1477.0,41.4,,No failure
C,M,,,,38.7,88.0,No failure
B,L,,,1380.0,53.5,,No failure
C,L,,,,50.7,0.0,No failure
A,L,300.6,309.5,1471.0,,,No failure
B,L,,,1569.0,38.4,,No failure
C,L,,,,42.1,181.0,No failure
B,M,,,1435.0,48.8,,No failure
A,L,300.8,310.8,1564.0,,,No failure
B,M,,,1331.0,55.3,,No failure
C,H,,,,32.5,143.0,No failure
C,H,,,,41.0,101.0,No failure
A,L,302.5,311.9,1481.0,,,No failure
C,L,,,,28.1,133.0,No failure
C,L,,,,48.3,70.0,No failure
A,L,304.1,313.3,1452.0,,,No failure
B,L,,,1546.0,37.2,,No failure
A,M,299.8,309.4,1751.0,,,No failure
C,M,,,,46.2,218.0,No failure
C,M,,,,50.5,69.0,No failure
C,H,,,,43.6,38.0,No failure
A,H,301.9,309.8,1724.0,,,No failure
A,L,298.9,310.1,1495.0,,,No failure
A,H,299.1,310.0,1431.0,,,No failure
B,M,,,1877.0,23.8,,No failure
A,M,301.8,310.2,1437.0,,,No failure
A,L,299.0,310.2,1516.0,,,No failure
C,L,,,,45.9,108.0,No failure
C,L,,,,55.7,157.0,No failure
C,L,,,,44.2,188.0,No failure
C,L,,,,28.0,202.0,No failure
A,M,301.2,310.7,1615.0,,,No failure
B,L,,,1634.0,27.9,,No failure
B,L,,,1609.0,36.0,,No failure
A,H,301.5,310.9,1524.0,,,No failure
A,L,303.9,313.1,1586.0,,,No failure
B,M,,,1311.0,55.8,,No failure
C,L,,,,44.9,69.0,No failure
A,L,298.1,307.8,1606.0,,,No failure
C,M,,,,25.1,126.0,No failure
C,M,,,,39.6,102.0,No failure
B,L,,,1268.0,60.0,,No failure
C,L,,,,70.0,62.0,No failure
A,L,300.7,310.9,1535.0,,,No failure
C,H,,,,36.4,120.0,No failure
B,L,,,1561.0,34.8,,No failure
A,M,300.7,311.7,1532.0,,,No failure
C,M,,,,63.7,124.0,No failure
B,L,,,1533.0,38.5,,No failure
A,M,298.0,307.5,1431.0,,,No failure
B,L,,,1555.0,41.2,,No failure
C,M,,,,36.8,121.0,No failure
C,L,,,,39.6,97.0,No failure
A,L,299.1,310.3,1411.0,,,No failure
A,M,299.9,309.5,1372.0,,,No failure
A,L,304.2,313.2,1464.0,,,No failure
A,L,302.6,311.9,1354.0,,,No failure
C,M,,,,19.2,174.0,No failure
C,L,,,,45.3,233.0,Tool Wear Failure
A,L,297.9,307.7,1546.0,,,No failure
B,L,,,1639.0,34.6,,No failure
C,L,,,,40.3,6.0,No failure
A,M,299.7,311.1,1649.0,,,No failure
A,M,302.5,311.1,1638.0,,,No failure
B,L,,,1564.0,37.0,,No failure
A,M,297.1,308.2,1529.0,,,No failure
B,M,,,1831.0,23.3,,No failure
B,M,,,1542.0,40.1,,No failure
C,L,,,,23.3,73.0,No failure
B,L,,,1667.0,29.9,,No failure
B,L,,,1541.0,34.6,,No failure
A,L,301.4,311.1,1495.0,,,No failure
B,L,,,1577.0,36.6,,No failure
B,L,,,1490.0,44.0,,No failure
A,L,298.9,310.2,1654.0,,,No failure
A,L,296.3,307.2,1291.0,,,No failure
A,L,301.5,310.5,1534.0,,,No failure
B,M,,,1468.0,42.2,,No failure
B,H,,,1538.0,44.3,,No failure
C,L,,,,36.3,71.0,No failure
A,L,297.6,309.1,1394.0,,,No failure
B,L,,,1589.0,42.0,,No failure
B,L,,,1947.0,25.0,,No failure
C,L,,,,31.3,98.0,No failure
A,L,298.8,308.9,1852.0,,,No failure
A,L,303.4,311.8,1564.0,,,No failure
B,L,,,1466.0,46.4,,No failure
A,L,302.8,310.8,1402.0,,,No failure
A,L,298.9,310.0,1719.0,,,No failure
A,H,297.9,308.5,1383.0,,,No failure
C,M,,,,31.5,105.0,No failure
A,L,299.1,308.3,1601.0,,,No failure
A,L,300.5,311.9,1403.0,,,No failure
B,L,,,1414.0,41.7,,No failure
A,L,302.4,310.2,1346.0,,,Heat Dissipation Failure
B,M,,,1460.0,38.6,,No failure
C,M,,,,51.2,215.0,No failure
B,M,,,1414.0,46.4,,No failure
B,H,,,1512.0,41.2,,No failure
B,L,,,1491.0,38.4,,No failure
A,L,297.6,309.1,1449.0,,,No failure
C,M,,,,38.2,73.0,No failure
B,L,,,1552.0,28.8,,No failure
A,L,300.6,309.4,1549.0,,,No failure
A,L,297.6,309.2,1390.0,,,No failure
B,H,,,1432.0,49.2,,No failure
B,H,,,1455.0,44.9,,No failure
A,M,297.0,308.1,1573.0,,,No failure
B,M,,,2706.0,9.8,,Power Failure
A,L,300.7,312.1,1512.0,,,No failure
A,L,302.4,311.4,1450.0,,,No failure
A,M,300.4,311.5,1750.0,,,No failure
C,L,,,,33.7,47.0,No failure
C,L,,,,37.5,199.0,No failure
B,L,,,1443.0,48.3,,No failure
A,L,300.6,309.4,1369.0,,,No failure
A,L,298.8,308.9,1379.0,,,No failure
A,L,298.4,308.1,1375.0,,,No failure
B,H,,,1346.0,52.0,,No failure
C,L,,,,39.5,146.0,No failure
A,M,304.1,313.4,1518.0,,,No failure
B,L,,,1530.0,37.8,,No failure
C,M,,,,39.1,109.0,No failure
A,M,300.4,312.0,1596.0,,,No failure
B,M,,,1486.0,44.2,,No failure
C,H,,,,53.6,86.0,No failure
C,L,,,,42.5,127.0,No failure
C,L,,,,47.6,127.0,No failure
B,H,,,1618.0,29.5,,No failure
B,H,,,1556.0,38.0,,No failure
C,L,,,,49.7,94.0,No failure
C,L,,,,49.8,222.0,Overstrain Failure
A,M,299.0,310.2,1625.0,,,No failure
A,H,303.7,312.6,1514.0,,,No failure
A,L,300.9,310.4,1561.0,,,No failure
B,L,,,1517.0,41.7,,No failure
B,H,,,1462.0,38.3,,No failure
A,L,297.7,307.6,1844.0,,,No failure
B,L,,,1386.0,48.6,,No failure
B,M,,,1519.0,35.4,,No failure
C,M,,,,44.2,147.0,No failure
A,L,297.3,308.3,1396.0,,,No failure
C,L,,,,59.1,125.0,No failure
C,M,,,,47.4,21.0,No failure
C,L,,,,27.6,103.0,No failure
B,L,,,1651.0,27.0,,No failure
C,L,,,,38.9,37.0,No failure
C,M,,,,30.6,196.0,No failure
A,H,302.2,311.3,1749.0,,,No failure
B,L,,,1626.0,33.3,,No failure
C,L,,,,48.8,211.0,No failure
B,H,,,1422.0,40.7,,No failure
B,M,,,1266.0,55.5,,No failure
C,L,,,,28.7,20.0,No failure
A,L,300.7,311.0,1377.0,,,No failure
C,L,,,,50.0,214.0,No failure
A,H,296.8,307.5,1695.0,,,No failure
A,L,297.4,309.4,1620.0,,,No failure
B,L,,,1454.0,51.7,,No failure
C,L,,,,14.9,49.0,No failure
B,L,,,1664.0,29.3,,No failure
B,L,,,1424.0,49.6,,No failure
A,L,302.4,311.8,1255.0,,,No failure
B,L,,,1493.0,38.9,,No failure
B,M,,,1496.0,39.4,,No failure
A,L,301.2,310.6,1811.0,,,No failure
B,M,,,1452.0,42.7,,No failure
B,L,,,1658.0,30.0,,No failure
A,L,300.9,312.1,1711.0,,,No failure
B,L,,,1550.0,33.7,,No failure
C,L,,,,35.8,44.0,No failure
B,L,,,1503.0,40.0,,No failure
C,L,,,,31.6,135.0,No failure
C,M,,,,53.9,52.0,No failure
A,M,298.7,309.2,1437.0,,,No failure
B,M,,,1592.0,35.8,,No failure
B,L,,,1632.0,30.5,,No failure
B,L,,,1525.0,43.2,,No failure
B,L,,,1573.0,36.5,,No failure
A,M,297.5,308.6,1347.0,,,No failure
C,M,,,,57.3,116.0,No failure
C,H,,,,39.1,70.0,No failure
B,L,,,1590.0,38.5,,No failure
A,M,301.0,309.8,1594.0,,,No failure
A,L,301.9,310.7,1429.0,,,No failure
A,M,298.4,309.1,1467.0,,,No failure
B,L,,,1556.0,39.1,,No failure
C,L,,,,19.7,169.0,No failure
A,H,299.5,310.8,1600.0,,,No failure
A,L,300.1,309.6,1649.0,,,No failure
B,M,,,1452.0,40.8,,No failure
B,H,,,1400.0,49.5,,No failure
B,M,,,1440.0,37.5,,No failure
C,L,,,,27.3,118.0,No failure
B,L,,,1688.0,32.0,,No failure
A,L,302.6,312.3,1321.0,,,No failure
B,L,,,1430.0,57.0,,No failure
A,L,303.7,312.4,1512.0,,,No failure
C,L,,,,35.5,14.0,No failure
C,L,,,,45.2,155.0,No failure
B,L,,,1417.0,40.6,,No failure
A,M,301.8,310.8,1508.0,,,No failure
B,M,,,1473.0,42.8,,No failure
B,L,,,1438.0,50.1,,No failure
B,M,,,1378.0,41.9,,No failure
A,M,302.6,310.4,1544.0,,,No failure
A,L,298.4,308.9,1501.0,,,No failure
A,M,301.5,310.8,1628.0,,,No failure
B,L,,,1389.0,54.9,,No failure
C,H,,,,39.9,201.0,No failure
A,L,299.5,310.8,1374.0,,,No failure
C,H,,,,50.0,129.0,No failure
A,H,297.6,309.6,1419.0,,,No failure
B,M,,,1886.0,20.9,,No failure
B,L,,,1678.0,30.5,,No failure
A,M,300.8,310.1,1686.0,,,No failure
A,M,302.1,310.9,1916.0,,,No failure
C,L,,,,37.4,16.0,No failure
A,L,301.9,310.4,1603.0,,,No failure
A,M,300.4,309.5,1888.0,,,No failure
A,L,300.6,311.8,1539.0,,,No failure
C,M,,,,40.8,157.0,No failure
C,M,,,,42.0,165.0,No failure
A,M,302.3,311.2,1546.0,,,No failure
C,L,,,,35.2,23.0,No failure
C,L,,,,51.2,112.0,No failure
C,L,,,,38.8,189.0,No failure
C,L,,,,28.2,67.0,No failure
B,H,,,1506.0,35.6,,No failure
C,M,,,,37.9,73.0,No failure
B,H,,,1384.0,49.1,,No failure
C,L,,,,36.2,116.0,No failure
B,L,,,1459.0,37.9,,No failure
A,M,297.3,308.3,1595.0,,,No failure
C,L,,,,47.6,156.0,No failure
C,M,,,,46.5,28.0,No failure
C,L,,,,52.3,2.0,No failure
C,H,,,,45.5,27.0,No failure
C,L,,,,57.6,197.0,Overstrain Failure
C,L,,,,34.7,213.0,No failure
B,L,,,1493.0,35.9,,No failure
B,L,,,1459.0,46.7,,No failure
B,L,,,1878.0,24.3,,No failure
A,H,300.2,309.7,1483.0,,,No failure
A,L,301.6,310.0,1566.0,,,No failure
B,L,,,1694.0,28.0,,No failure
C,L,,,,38.5,98.0,No failure
A,L,300.3,309.9,1540.0,,,No failure
C,L,,,,44.4,53.0,No failure
A,L,298.3,308.4,1490.0,,,No failure
B,L,,,1739.0,27.4,,No failure
C,L,,,,50.0,117.0,No failure
B,H,,,1474.0,39.2,,No failure
A,L,299.1,310.4,1519.0,,,No failure
A,L,298.6,309.5,1687.0,,,No failure
B,L,,,1561.0,38.3,,No failure
C,L,,,,54.2,207.0,Overstrain Failure
A,H,300.2,311.6,1547.0,,,No failure
A,L,295.9,306.6,1557.0,,,No failure
C,M,,,,18.1,62.0,No failure
B,M,,,1817.0,24.7,,No failure
C,M,,,,38.2,45.0,No failure
A,L,299.8,310.3,1524.0,,,No failure
B,M,,,1594.0,35.5,,No failure
B,M,,,1881.0,20.9,,No failure
A,L,298.4,309.0,2304.0,,,No failure
A,L,301.5,310.1,1430.0,,,No failure
B,M,,,1379.0,42.9,,No failure
A,H,300.9,311.0,1853.0,,,No failure
A,L,298.1,308.7,1556.0,,,No failure
A,M,302.3,310.8,1721.0,,,No failure
C,L,,,,64.9,160.0,No failure
A,M,297.6,308.5,1360.0,,,No failure
B,M,,,1535.0,40.3,,No failure
C,L,,,,22.4,149.0,No failure
C,L,,,,43.1,166.0,No failure
C,M,,,,54.1,27.0,No failure
A,M,300.3,309.9,1494.0,,,No failure
B,L,,,1592.0,35.0,,No failure
A,L,300.9,311.0,1438.0,,,No failure
B,L,,,1981.0,21.2,,No failure
B,M,,,1489.0,41.7,,No failure
A,L,299.8,309.5,1476.0,,,No failure
B,M,,,1423.0,48.9,,No failure
C,M,,,,34.3,101.0,No failure
A,L,302.4,311.8,1648.0,,,No failure
C,L,,,,28.9,59.0,No failure
C,L,,,,47.0,22.0,No failure
B,L,,,1596.0,36.6,,No failure
B,M,,,1595.0,36.9,,No failure
A,L,298.8,309.7,1225.0,,,No failure
A,L,297.8,307.8,1396.0,,,No failure
B,L,,,1521.0,34.5,,No failure
A,L,298.1,307.6,1950.0,,,No failure
B,M,,,1441.0,43.7,,No failure
A,L,300.2,311.5,1685.0,,,No failure
B,M,,,1745.0,26.3,,No failure
A,M,298.8,309.1,1472.0,,,No failure
A,L,298.5,308.2,1444.0,,,No failure
A,M,303.0,311.2,1387.0,,,No failure
A,H,299.3,310.0,1373.0,,,No failure
C,L,,,,30.8,0.0,No failure
C,L,,,,30.7,72.0,No failure
A,L,303.8,313.0,1427.0,,,No failure
C,M,,,,42.9,121.0,No failure
A,M,300.8,311.2,1434.0,,,No failure
C,L,,,,35.4,72.0,No failure
A,H,302.5,311.5,1655.0,,,No failure
B,L,,,1374.0,50.2,,No failure
A,L,300.9,310.0,2595.0,,,No failure
A,L,303.6,312.0,1309.0,,,Heat Dissipation Failure
A,H,301.1,310.6,1782.0,,,No failure
B,L,,,1492.0,38.7,,No failure
C,H,,,,50.2,177.0,No failure
C,L,,,,42.5,181.0,No failure
C,H,,,,37.0,91.0,No failure
A,M,301.9,310.4,1373.0,,,Heat Dissipation Failure
C,L,,,,41.3,67.0,No failure
A,L,298.1,309.0,1787.0,,,No failure
A,M,297.8,307.4,1438.0,,,No failure
C,L,,,,43.0,197.0,No failure
A,L,300.7,311.2,1457.0,,,No failure
A,M,297.2,308.5,1364.0,,,No failure
A,M,300.1,311.4,1617.0,,,No failure
B,H,,,1662.0,29.0,,No failure
C,L,,,,47.6,145.0,No failure
A,L,299.1,308.3,1489.0,,,No failure
C,M,,,,35.6,131.0,No failure
B,L,,,1609.0,35.0,,No failure
C,M,,,,40.2,69.0,No failure
B,L,,,1388.0,49.9,,No failure
B,L,,,1433.0,50.3,,No failure
A,L,297.5,308.5,1546.0,,,No failure
B,L,,,1283.0,52.4,,No failure
B,M,,,1705.0,30.1,,No failure
B,M,,,1304.0,62.8,,No failure
A,L,304.0,313.3,1294.0,,,No failure
A,L,303.2,312.4,1663.0,,,No failure
C,L,,,,31.4,141.0,No failure
A,M,302.4,310.3,1375.0,,,Heat Dissipation Failure
A,L,297.9,308.4,1646.0,,,No failure
A,L,297.4,309.2,1698.0,,,No failure
C,L,,,,46.3,251.0,Overstrain Failure
A,L,301.2,310.8,1711.0,,,No failure
A,L,301.9,310.6,1610.0,,,No failure
B,M,,,1487.0,39.8,,No failure
B,H,,,1512.0,35.1,,No failure
A,H,298.5,309.2,1568.0,,,No failure
C,L,,,,46.9,60.0,No failure
A,L,301.3,310.6,1458.0,,,No failure
A,L,298.4,308.1,1367.0,,,No failure
B,M,,,1486.0,39.6,,No failure
A,M,303.6,312.7,1765.0,,,No failure
C,M,,,,33.1,97.0,No failure
C,M,,,,51.6,62.0,No failure
B,L,,,1551.0,41.2,,No failure
B,L,,,1712.0,28.5,,No failure
C,L,,,,34.4,162.0,No failure
C,L,,,,61.9,42.0,No failure
C,L,,,,43.0,23.0,No failure
B,H,,,1692.0,28.2,,No failure
A,M,303.3,311.8,1583.0,,,No failure
A,M,299.2,310.8,1502.0,,,No failure
A,L,296.5,307.5,1340.0,,,No failure
A,M,300.5,310.2,1386.0,,,No failure
B,L,,,1557.0,33.3,,No failure
B,L,,,1490.0,46.2,,No failure
A,H,303.0,312.5,1698.0,,,No failure
C,L,,,,47.6,176.0,No failure
B,L,,,1606.0,33.5,,No failure
B,L,,,1692.0,34.3,,No failure
A,M,302.4,310.1,1379.0,,,Heat Dissipation Failure
C,L,,,,55.7,204.0,Overstrain Failure
B,L,,,1389.0,53.9,,No failure
A,L,302.5,310.3,1549.0,,,No failure
A,M,299.7,309.1,1603.0,,,No failure
B,L,,,1485.0,40.1,,No failure
A,M,300.5,311.9,1875.0,,,No failure
B,L,,,1637.0,32.9,,No failure
A,M,300.2,311.6,1751.0,,,No failure
A,M,303.7,312.4,1631.0,,,No failure
B,L,,,1418.0,46.3,,No failure
B,M,,,1316.0,51.8,,No failure
C,L,,,,52.0,91.0,Random Failures
B,L,,,1507.0,42.5,,No failure
A,M,300.8,310.6,1505.0,,,No failure
B,L,,,1785.0,23.4,,No failure
A,L,302.8,310.6,1617.0,,,No failure
A,M,299.9,310.5,1335.0,,,No failure
B,L,,,1357.0,50.1,,No failure
C,M,,,,37.5,155.0,No failure
B,M,,,1838.0,24.0,,No failure
B,L,,,1574.0,35.0,,No failure
A,L,298.9,308.6,2069.0,,,No failure
C,L,,,,33.0,153.0,No failure
C,L,,,,46.2,10.0,No failure
C,L,,,,44.7,94.0,No failure
C,L,,,,29.4,130.0,No failure
A,L,298.2,308.8,1354.0,,,No failure
A,M,299.8,309.3,1470.0,,,No failure
A,L,301.8,310.8,1505.0,,,No failure
C,H,,,,37.8,214.0,No failure
A,L,300.7,310.2,1569.0,,,No failure
A,L,302.0,310.9,1446.0,,,No failure
A,L,300.1,310.5,1627.0,,,No failure
C,H,,,,43.5,47.0,No failure
B,M,,,2663.0,11.4,,Power Failure
B,M,,,1388.0,45.6,,No failure
B,M,,,1560.0,42.3,,No failure
C,M,,,,31.0,70.0,No failure
A,L,303.2,311.5,1513.0,,,No failure
C,M,,,,22.5,110.0,No failure
B,M,,,1532.0,41.5,,No failure
B,L,,,1602.0,33.9,,No failure
B,L,,,1827.0,25.4,,No failure
B,H,,,1520.0,35.7,,No failure
C,L,,,,28.5,18.0,No failure
A,M,297.0,307.9,1569.0,,,No failure
B,M,,,2028.0,18.9,,No failure
C,L,,,,47.5,166.0,No failure
C,H,,,,29.8,74.0,No failure
A,L,302.8,312.4,1590.0,,,No failure
A,M,303.4,311.8,1391.0,,,No failure
B,L,,,1634.0,37.8,,No failure
A,L,301.8,310.0,1493.0,,,No failure
B,H,,,1554.0,41.6,,No failure
C,M,,,,40.6,124.0,No failure
C,L,,,,48.4,178.0,No failure
B,L,,,1575.0,38.3,,No failure
C,L,,,,45.3,28.0,No failure
C,L,,,,35.1,179.0,No failure
C,L,,,,31.1,134.0,No failure
A,H,299.2,310.8,1761.0,,,No failure
A,L,301.3,310.9,2165.0,,,No failure
C,L,,,,41.3,158.0,No failure
C,L,,,,38.5,47.0,No failure
A,M,298.0,308.6,1376.0,,,No failure
A,M,301.0,311.2,1394.0,,,No failure
B,H,,,1517.0,43.1,,No failure
B,M,,,1425.0,45.8,,No failure
C,H,,,,33.5,13.0,No failure
A,M,302.5,311.5,1358.0,,,No failure
A,L,297.5,308.3,1435.0,,,No failure
A,M,299.2,308.4,1856.0,,,No failure
B,H,,,1659.0,32.1,,No failure
A,M,298.8,309.8,1288.0,,,No failure
C,M,,,,20.9,2.0,No failure
A,M,297.5,307.9,1544.0,,,No failure
A,L,302.2,311.7,1471.0,,,No failure
C,M,,,,44.6,49.0,No failure
A,L,304.2,313.4,1735.0,,,No failure
C,M,,,,39.0,118.0,No failure
B,M,,,1499.0,38.9,,No failure
A,L,297.4,308.7,1402.0,,,No failure
A,L,299.2,309.0,1951.0,,,No failure
A,M,300.4,309.3,1467.0,,,No failure
B,M,,,1534.0,33.8,,No failure
A,L,301.1,310.6,1611.0,,,No failure
B,L,,,1402.0,47.7,,No failure
C,M,,,,51.2,185.0,No failure
B,L,,,1515.0,35.1,,No failure
B,M,,,1381.0,65.2,,Power Failure
A,L,301.4,310.4,1543.0,,,No failure
B,L,,,1434.0,44.9,,No failure
A,L,299.0,308.6,1378.0,,,No failure
B,L,,,1521.0,36.3,,No failure
C,L,,,,12.6,10.0,No failure
C,L,,,,19.7,12.0,No failure
A,M,301.4,310.6,1565.0,,,No failure
B,L,,,1368.0,47.2,,No failure
C,L,,,,45.2,136.0,No failure
B,L,,,1813.0,28.5,,No failure
B,L,,,1282.0,67.9,,Power Failure
B,L,,,1944.0,23.4,,No failure
A,L,303.6,311.8,1695.0,,,No failure
B,L,,,1566.0,37.8,,No failure
B,L,,,1428.0,38.8,,No failure
C,L,,,,40.0,51.0,No failure
A,M,300.8,310.8,1520.0,,,No failure
B,L,,,1554.0,32.0,,No failure
C,L,,,,51.3,42.0,No failure
B,H,,,1474.0,41.8,,No failure
C,L,,,,37.9,177.0,No failure
C,L,,,,40.1,107.0,No failure
B,H,,,1536.0,44.4,,No failure
A,H,300.0,309.5,1781.0,,,No failure
A,L,297.2,308.6,1366.0,,,No failure
A,L,301.3,310.8,1628.0,,,No failure
C,M,,,,23.4,225.0,Tool Wear Failure
C,L,,,,60.7,15.0,No failure
B,L,,,1516.0,39.0,,No failure
A,M,304.2,313.2,1380.0,,,No failure
A,M,301.0,311.3,1454.0,,,No failure
C,M,,,,30.0,120.0,No failure
B,L,,,1642.0,30.3,,No failure
B,M,,,1423.0,36.8,,No failure
A,M,299.7,309.1,1576.0,,,No failure
B,L,,,1402.0,47.8,,No failure
B,L,,,1505.0,38.8,,No failure
C,L,,,,40.8,11.0,No failure
B,L,,,1616.0,32.0,,No failure
B,L,,,1233.0,64.6,,No failure
C,M,,,,57.9,204.0,No failure
B,H,,,1480.0,39.8,,No failure
A,L,297.7,308.2,1446.0,,,No failure
A,L,299.4,308.7,1459.0,,,No failure
B,L,,,1507.0,44.7,,No failure
C,M,,,,46.3,137.0,No failure
C,L,,,,40.7,105.0,No failure
A,L,297.6,309.0,1487.0,,,No failure
C,L,,,,35.3,46.0,No failure
C,M,,,,44.6,142.0,No failure
A,L,303.9,313.1,1425.0,,,No failure
A,L,298.1,309.0,1557.0,,,No failure
A,L,302.2,311.5,1346.0,,,No failure
A,H,300.9,310.7,1403.0,,,No failure
C,H,,,,13.5,5.0,No failure
C,H,,,,39.5,18.0,No failure
B,L,,,1556.0,37.7,,No failure
C,L,,,,41.6,28.0,No failure
A,L,301.8,311.3,1551.0,,,No failure
C,L,,,,54.1,38.0,No failure
C,L,,,,60.5,81.0,No failure
B,L,,,1417.0,60.5,,No failure
A,L,303.1,312.6,1548.0,,,No failure
A,H,298.1,308.4,1515.0,,,No failure
A,M,303.9,313.0,1475.0,,,No failure
C,H,,,,37.7,197.0,No failure
A,L,298.8,310.1,1574.0,,,No failure
B,M,,,1394.0,46.0,,No failure
C,L,,,,29.6,186.0,No failure
A,L,296.9,307.8,1557.0,,,No failure
C,M,,,,37.0,35.0,No failure
C,M,,,,39.1,216.0,No failure
C,H,,,,45.4,191.0,No failure
C,H,,,,27.9,55.0,No failure
C,L,,,,43.6,89.0,No failure
B,L,,,1432.0,43.4,,No failure
C,L,,,,29.2,108.0,No failure
C,M,,,,27.8,208.0,No failure
B,M,,,1359.0,54.1,,No failure
A,M,297.3,308.0,1598.0,,,No failure
A,M,303.2,311.2,1688.0,,,No failure
A,L,297.7,309.3,1893.0,,,No failure
A,L,299.3,310.4,1365.0,,,No failure
A,L,301.4,311.3,1674.0,,,No failure
A,L,300.8,312.4,1825.0,,,No failure
C,L,,,,37.8,46.0,No failure
C,L,,,,36.0,57.0,No failure
A,M,300.4,311.0,1595.0,,,No failure
C,L,,,,38.7,217.0,No failure
A,L,297.7,308.2,1334.0,,,No failure
A,M,300.5,309.3,1589.0,,,No failure
A,M,300.4,309.8,1430.0,,,No failure
C,L,,,,45.6,193.0,No failure
A,L,299.3,310.7,1495.0,,,No failure
B,M,,,1838.0,24.9,,No failure
A,L,302.8,312.2,1515.0,,,No failure
B,L,,,1653.0,29.7,,No failure
C,L,,,,27.6,143.0,No failure
A,L,300.5,311.5,1302.0,,,No failure
C,L,,,,29.6,108.0,No failure
B,M,,,2093.0,18.7,,No failure
A,L,303.6,312.5,1710.0,,,No failure
A,L,300.5,310.0,1451.0,,,No failure
C,L,,,,46.4,168.0,No failure
B,L,,,1386.0,50.0,,No failure
C,L,,,,52.8,31.0,No failure
A,L,297.1,308.4,1488.0,,,No failure
A,L,298.2,309.0,1418.0,,,No failure
B,L,,,1359.0,50.7,,No failure
B,L,,,1258.0,69.4,,Power Failure
C,L,,,,54.0,95.0,No failure
A,L,298.3,308.5,1664.0,,,No failure
C,M,,,,45.4,164.0,No failure
B,L,,,1320.0,47.4,,No failure
B,L,,,1268.0,60.6,,No failure
C,M,,,,42.2,9.0,No failure
C,L,,,,35.7,75.0,No failure
A,L,300.5,311.9,1350.0,,,No failure
C,L,,,,38.6,16.0,No failure
B,L,,,1466.0,42.5,,No failure
C,H,,,,39.6,45.0,No failure
B,L,,,1475.0,40.0,,No failure
A,M,301.9,310.6,1412.0,,,No failure
B,L,,,1532.0,42.5,,No failure
C,M,,,,41.1,34.0,No failure
C,L,,,,42.7,186.0,No failure
B,L,,,1486.0,47.3,,No failure
B,L,,,1362.0,53.8,,No failure
A,M,298.9,310.2,2099.0,,,No failure
B,L,,,1410.0,43.0,,No failure
A,M,295.5,306.0,1326.0,,,No failure
C,L,,,,38.0,74.0,No failure
A,L,300.8,310.6,1416.0,,,No failure
A,L,301.7,311.3,1584.0,,,No failure
B,M,,,1624.0,32.1,,No failure
C,L,,,,54.1,57.0,No failure
A,L,302.3,311.8,1435.0,,,No failure
C,M,,,,31.4,72.0,No failure
B,M,,,1424.0,43.7,,No failure
A,L,298.8,308.9,1527.0,,,No failure
C,L,,,,31.6,129.0,No failure
B,H,,,1418.0,46.6,,No failure
B,L,,,1631.0,28.3,,No failure
A,L,300.1,311.4,1604.0,,,No failure
B,L,,,1889.0,21.5,,No failure
B,L,,,1325.0,49.2,,No failure
B,M,,,1234.0,55.8,,No failure
A,L,298.4,309.3,1549.0,,,No failure
B,L,,,1586.0,36.6,,No failure
B,L,,,1594.0,35.1,,No failure
C,M,,,,34.9,84.0,No failure
C,L,,,,55.1,140.0,No failure
B,L,,,1566.0,35.8,,No failure
C,M,,,,25.1,177.0,No failure
A,L,300.5,309.7,1589.0,,,No failure
A,L,300.5,311.6,1541.0,,,No failure
A,M,302.6,311.4,1718.0,,,No failure
C,L,,,,37.1,43.0,No failure
A,H,303.4,311.9,1402.0,,,No failure
B,L,,,1333.0,50.8,,No failure
C,L,,,,45.5,196.0,No failure
C,M,,,,32.2,84.0,No failure
B,L,,,1495.0,38.8,,No failure
A,L,298.9,310.2,1533.0,,,No failure
A,M,300.9,310.9,1636.0,,,No failure
C,L,,,,39.9,59.0,No failure
A,L,300.2,311.6,1999.0,,,No failure
B,M,,,1436.0,41.8,,No failure
A,M,300.0,311.4,1466.0,,,No failure
C,L,,,,35.1,203.0,No failure
C,M,,,,60.8,146.0,No failure
A,M,297.5,308.0,2033.0,,,No failure
C,L,,,,19.8,116.0,No failure
A,L,298.0,308.7,1629.0,,,No failure
A,M,302.4,310.9,1469.0,,,No failure
C,M,,,,51.2,13.0,No failure
B,M,,,1432.0,42.7,,No failure
A,L,303.4,311.8,2268.0,,,No failure
C,L,,,,60.7,216.0,Overstrain Failure
A,M,302.2,311.3,1521.0,,,No failure
B,H,,,1369.0,45.4,,No failure
A,L,303.5,312.5,1380.0,,,No failure
C,L,,,,37.6,75.0,No failure
C,L,,,,36.1,168.0,No failure
A,M,300.8,309.6,1404.0,,,No failure
A,M,302.7,310.6,1349.0,,,Heat Dissipation Failure
A,L,302.4,311.8,1543.0,,,No failure
A,L,299.1,310.3,1619.0,,,No failure
C,L,,,,54.9,139.0,No failure
A,L,298.3,308.8,1454.0,,,No failure
B,L,,,1697.0,29.1,,No failure
C,L,,,,37.6,112.0,No failure
C,L,,,,34.1,36.0,No failure
A,M,302.0,311.0,1980.0,,,No failure
B,L,,,1419.0,45.1,,No failure
B,L,,,1757.0,27.5,,No failure
B,M,,,1429.0,43.2,,No failure
B,L,,,1413.0,44.5,,No failure
C,L,,,,44.7,88.0,No failure
C,L,,,,36.9,41.0,No failure
B,L,,,1609.0,35.3,,No failure
C,M,,,,23.9,155.0,No failure
B,M,,,1948.0,20.0,,No failure
C,L,,,,42.5,47.0,No failure
B,M,,,1359.0,50.8,,No failure
B,L,,,1628.0,35.2,,No failure
C,M,,,,35.0,52.0,No failure
A,L,299.9,310.0,1447.0,,,No failure
A,L,300.2,309.8,1398.0,,,No failure
A,L,302.1,311.2,1422.0,,,No failure
A,H,302.2,311.9,1597.0,,,No failure
A,L,300.3,310.2,1369.0,,,No failure
C,L,,,,49.7,210.0,No failure
B,L,,,1396.0,48.6,,No failure
B,L,,,1432.0,45.8,,No failure
B,M,,,1553.0,32.4,,No failure
C,M,,,,47.3,158.0,No failure
B,M,,,1557.0,33.8,,No failure
B,L,,,1517.0,36.6,,No failure
C,L,,,,31.0,209.0,Tool Wear Failure
A,M,297.6,308.6,1389.0,,,No failure
B,L,,,1405.0,47.9,,No failure
C,L,,,,44.1,76.0,No failure
B,M,,,1352.0,44.4,,No failure
B,L,,,1418.0,44.1,,No failure
C,L,,,,30.1,84.0,No failure
B,L,,,1802.0,24.4,,No failure
B,M,,,1539.0,43.4,,No failure
C,L,,,,45.0,183.0,No failure
A,M,297.8,307.8,1543.0,,,No failure
B,M,,,1763.0,28.4,,No failure
B,L,,,1523.0,40.7,,No failure
A,M,303.2,311.5,1336.0,,,Heat Dissipation Failure
B,L,,,1449.0,46.5,,No failure
C,L,,,,40.6,103.0,No failure
C,L,,,,39.0,72.0,No failure
A,M,298.1,308.8,1628.0,,,No failure
A,L,303.5,311.9,1405.0,,,No failure
A,L,301.9,311.0,1356.0,,,No failure
C,M,,,,43.2,132.0,No failure
A,L,300.8,309.7,1461.0,,,No failure
A,L,301.2,310.0,1618.0,,,No failure
B,L,,,1556.0,32.9,,No failure
B,H,,,1494.0,42.7,,No failure
A,M,297.2,308.3,1604.0,,,No failure
A,L,303.7,312.7,1426.0,,,No failure
A,L,297.9,308.6,1468.0,,,No failure
A,M,300.7,309.6,1473.0,,,No failure
A,L,298.5,309.6,1582.0,,,No failure
A,L,298.9,308.7,1572.0,,,No failure
A,L,303.0,311.2,1361.0,,,Heat Dissipation Failure
C,L,,,,44.2,46.0,No failure
C,L,,,,38.5,61.0,No failure
C,M,,,,39.7,141.0,No failure
B,L,,,1629.0,32.5,,No failure
C,L,,,,48.6,193.0,No failure
A,L,302.7,310.5,1551.0,,,No failure
B,L,,,1686.0,32.5,,No failure
B,L,,,1867.0,23.0,,No failure
A,L,300.6,312.0,1566.0,,,No failure
B,L,,,1565.0,35.3,,No failure
A,L,299.9,310.4,1497.0,,,No failure
B,L,,,1665.0,29.6,,No failure
C,L,,,,40.3,126.0,No failure
A,L,299.7,309.6,1553.0,,,No failure
C,M,,,,70.5,234.0,Overstrain Failure
C,M,,,,41.7,32.0,No failure
A,L,297.2,308.8,1451.0,,,No failure
C,H,,,,62.7,161.0,No failure
B,L,,,1449.0,40.2,,No failure
B,L,,,1396.0,49.3,,No failure
C,M,,,,51.4,60.0,No failure
C,L,,,,44.2,189.0,No failure
B,M,,,1340.0,52.6,,No failure
B,L,,,1592.0,32.6,,No failure
A,L,297.4,309.4,1466.0,,,No failure
C,L,,,,46.6,24.0,No failure
A,M,300.2,309.5,1434.0,,,No failure
A,L,301.7,310.5,1354.0,,,No failure
B,M,,,1611.0,31.8,,No failure
C,L,,,,47.4,3.0,No failure
A,L,298.4,308.9,1638.0,,,No failure
C,L,,,,36.0,190.0,No failure
A,L,300.4,311.5,1596.0,,,No failure
A,L,302.7,310.5,1351.0,,,Heat Dissipation Failure
B,M,,,1852.0,25.9,,No failure
B,L,,,1531.0,37.9,,No failure
C,H,,,,28.0,168.0,No failure
A,L,300.3,311.5,1378.0,,,No failure
C,L,,,,47.7,209.0,No failure
B,M,,,1430.0,51.7,,No failure
B,L,,,1517.0,39.0,,No failure
B,L,,,1447.0,48.4,,No failure
B,L,,,1406.0,43.8,,No failure
B,M,,,1447.0,44.5,,No failure
C,L,,,,41.1,64.0,No failure
B,L,,,1803.0,27.7,,No failure
A,H,304.0,313.1,1472.0,,,No failure
A,L,302.6,310.5,1450.0,,,No failure
A,L,302.3,310.9,1403.0,,,No failure
C,H,,,,38.7,7.0,No failure
A,L,303.7,313.1,1406.0,,,No failure
C,M,,,,40.5,59.0,No failure
B,L,,,1401.0,49.3,,No failure
A,M,298.5,309.6,1509.0,,,No failure
B,M,,,1577.0,39.7,,No failure
B,L,,,1315.0,55.5,,No failure
C,M,,,,37.9,27.0,No failure
B,L,,,1398.0,46.7,,No failure
B,H,,,1450.0,37.2,,No failure
A,L,297.3,308.7,1549.0,,,No failure
C,H,,,,37.3,193.0,No failure
A,L,296.2,307.3,1475.0,,,No failure
A,M,297.4,308.3,1550.0,,,No failure
B,L,,,1471.0,37.5,,No failure
B,M,,,1980.0,20.3,,No failure
B,L,,,1312.0,73.6,,Power Failure
B,L,,,1433.0,50.0,,No failure
C,M,,,,34.8,121.0,No failure
A,L,300.9,311.3,1613.0,,,No failure
C,H,,,,46.6,0.0,No failure
B,M,,,2117.0,18.6,,No failure
A,L,302.9,312.5,1629.0,,,No failure
C,L,,,,45.8,57.0,No failure
A,L,300.9,310.8,1729.0,,,No failure
C,L,,,,39.6,215.0,No failure
C,L,,,,26.3,5.0,No failure
B,M,,,1379.0,57.4,,No failure
A,L,299.8,311.1,1588.0,,,No failure
A,L,296.9,307.9,1423.0,,,No failure
A,M,298.8,309.8,1490.0,,,No failure
B,M,,,1419.0,36.2,,No failure
C,L,,,,46.9,203.0,No failure
C,L,,,,20.4,60.0,No failure
C,M,,,,25.1,87.0,No failure
B,M,,,1587.0,31.2,,No failure
C,L,,,,31.9,49.0,No failure
C,L,,,,55.8,118.0,No failure
B,L,,,1516.0,38.7,,No failure
C,M,,,,37.6,25.0,No failure
A,L,298.8,308.6,1431.0,,,No failure
C,L,,,,46.6,110.0,No failure
B,L,,,1662.0,32.7,,No failure
A,L,302.5,310.2,1307.0,,,Heat Dissipation Failure
C,L,,,,38.1,61.0,No failure
C,M,,,,30.4,82.0,No failure
B,L,,,1682.0,34.4,,No failure
C,L,,,,68.2,172.0,Overstrain Failure
C,M,,,,39.6,199.0,No failure
B,L,,,1460.0,43.5,,No failure
C,L,,,,51.7,202.0,No failure
B,M,,,1725.0,30.4,,No failure
C,M,,,,26.7,108.0,No failure
C,L,,,,31.4,89.0,No failure
C,M,,,,31.6,62.0,No failure
C,M,,,,30.7,119.0,No failure
A,M,298.0,308.7,1430.0,,,No failure
A,M,301.9,309.7,1533.0,,,No failure
C,H,,,,36.0,191.0,No failure
A,L,302.3,311.5,1384.0,,,No failure
A,M,299.8,309.4,1401.0,,,No failure
B,L,,,1487.0,43.2,,No failure
C,L,,,,54.7,179.0,No failure
B,L,,,1401.0,51.9,,No failure
C,L,,,,52.1,213.0,Overstrain Failure
A,L,300.3,310.3,1345.0,,,No failure
A,L,301.5,310.7,1466.0,,,No failure
C,L,,,,39.6,10.0,No failure
C,L,,,,38.5,64.0,No failure
C,L,,,,35.7,100.0,No failure
C,M,,,,21.7,105.0,No failure
C,L,,,,28.6,206.0,No failure
A,M,299.5,309.1,1420.0,,,No failure
A,M,299.3,308.7,1459.0,,,No failure
B,L,,,1459.0,47.0,,No failure
B,L,,,1348.0,57.4,,No failure
B,L,,,1416.0,46.1,,No failure
C,M,,,,42.4,155.0,No failure
A,L,302.5,311.9,1265.0,,,No failure
C,L,,,,38.2,15.0,No failure
C,M,,,,55.5,59.0,No failure
C,L,,,,46.3,173.0,No failure
C,M,,,,29.4,221.0,No failure
B,M,,,1462.0,49.2,,No failure
A,L,297.4,308.3,1412.0,,,No failure
C,L,,,,36.0,197.0,No failure
A,M,296.4,307.3,2077.0,,,No failure
C,M,,,,32.5,55.0,No failure
C,L,,,,40.9,211.0,Tool Wear Failure
C,M,,,,39.8,94.0,No failure
B,M,,,1863.0,25.7,,No failure
A,L,300.4,311.2,1530.0,,,No failure
A,M,299.0,309.4,1561.0,,,No failure
A,L,300.8,310.3,1537.0,,,No failure
A,L,298.4,308.2,1471.0,,,No failure
C,L,,,,36.8,198.0,No failure
C,L,,,,21.9,189.0,No failure
C,M,,,,57.9,70.0,No failure
B,M,,,1610.0,34.6,,No failure
C,H,,,,40.7,120.0,No failure
B,L,,,1834.0,23.5,,No failure
C,M,,,,47.5,163.0,No failure
B,L,,,1698.0,33.8,,No failure
A,M,302.3,311.7,1640.0,,,No failure
B,L,,,2312.0,15.5,,No failure
B,M,,,1314.0,52.5,,No failure
A,L,301.2,310.5,1546.0,,,No failure
C,L,,,,35.8,133.0,No failure
C,L,,,,50.1,117.0,No failure
C,L,,,,24.5,159.0,No failure
A,M,295.4,305.8,1526.0,,,No failure
C,H,,,,42.8,38.0,No failure
B,M,,,1414.0,45.4,,No failure
C,M,,,,24.5,41.0,No failure
A,L,300.7,309.5,1467.0,,,No failure
A,M,301.8,311.1,1663.0,,,No failure
B,M,,,1594.0,35.2,,No failure
C,L,,,,56.8,216.0,Overstrain Failure
B,M,,,1474.0,44.0,,No failure
A,M,297.9,309.0,1970.0,,,No failure
A,H,301.4,310.7,1516.0,,,No failure
B,L,,,1926.0,23.7,,No failure
C,L,,,,54.7,52.0,No failure
A,H,298.3,308.2,1534.0,,,No failure
C,L,,,,40.6,66.0,No failure
A,L,298.0,308.2,1442.0,,,No failure
B,L,,,1308.0,55.2,,No failure
A,M,300.3,311.2,1783.0,,,No failure
C,L,,,,47.7,73.0,No failure
A,L,302.0,310.6,1583.0,,,No failure
A,M,300.5,310.5,1469.0,,,No failure
A,M,301.0,311.5,1530.0,,,No failure
A,L,302.8,312.4,1392.0,,,No failure
C,H,,,,52.4,0.0,No failure
A,L,300.4,310.4,1298.0,,,No failure
B,H,,,1359.0,46.9,,No failure
C,L,,,,23.0,125.0,No failure
B,M,,,1331.0,49.0,,No failure
A,M,298.6,309.4,1460.0,,,No failure
A,M,301.9,310.9,1419.0,,,No failure
A,L,298.5,308.3,1504.0,,,No failure
C,M,,,,40.5,192.0,No failure
B,M,,,1335.0,51.7,,No failure
C,L,,,,38.1,209.0,No failure
B,M,,,1450.0,42.8,,No failure
B,L,,,1627.0,33.4,,No failure
A,L,298.9,310.1,1577.0,,,No failure
B,L,,,1672.0,33.2,,No failure
A,M,303.7,312.6,1671.0,,,No failure
C,L,,,,42.4,14.0,No failure
C,L,,,,29.6,13.0,No failure
C,L,,,,62.0,199.0,Overstrain Failure
A,M,300.7,310.8,1452.0,,,No failure
B,M,,,1723.0,26.6,,No failure
A,L,299.8,309.4,1555.0,,,No failure
B,L,,,1560.0,36.8,,No failure
A,M,299.1,310.2,1711.0,,,No failure
A,L,299.3,310.8,1483.0,,,No failure
A,L,300.7,309.5,1685.0,,,No failure
A,L,299.3,308.3,1651.0,,,No failure
B,L,,,1464.0,47.2,,No failure
A,M,301.4,310.7,1692.0,,,No failure
C,L,,,,39.1,217.0,No failure
C,L,,,,30.3,148.0,No failure
B,L,,,1603.0,32.4,,No failure
A,L,297.8,307.5,1388.0,,,No failure
C,L,,,,30.0,87.0,No failure
B,M,,,1706.0,25.0,,No failure
C,L,,,,37.5,193.0,No failure
B,L,,,1588.0,34.1,,No failure
C,L,,,,28.1,39.0,No failure
A,L,299.0,310.0,1582.0,,,No failure
B,L,,,1469.0,37.2,,No failure
B,H,,,1754.0,26.9,,No failure
C,L,,,,33.6,181.0,No failure
B,M,,,1559.0,35.2,,No failure
B,L,,,1811.0,24.3,,No failure
A,M,303.4,312.7,1594.0,,,No failure
B,M,,,1557.0,31.5,,No failure
B,M,,,1944.0,21.4,,No failure
C,L,,,,54.2,80.0,No failure
B,L,,,1497.0,37.7,,No failure
B,L,,,1544.0,35.2,,No failure
B,L,,,1622.0,37.9,,No failure
C,M,,,,18.3,207.0,No failure
A,M,300.3,311.3,1377.0,,,No failure
A,H,297.8,307.3,1516.0,,,No failure
A,L,302.6,311.6,1638.0,,,No failure
B,L,,,1372.0,51.0,,No failure
B,L,,,1365.0,58.6,,No failure
A,M,300.0,309.6,1477.0,,,No failure
C,M,,,,40.2,197.0,No failure
C,L,,,,40.9,132.0,No failure
C,L,,,,48.7,147.0,No failure
A,L,299.1,310.5,1389.0,,,No failure
B,H,,,1555.0,35.8,,No failure
C,L,,,,42.6,210.0,No failure
B,L,,,1753.0,29.0,,No failure
A,L,299.9,309.5,1567.0,,,No failure
B,M,,,1578.0,40.5,,No failure
B,L,,,1400.0,53.7,,No failure
B,L,,,1560.0,47.7,,No failure
C,L,,,,46.6,19.0,No failure
A,L,303.2,311.3,1393.0,,,No failure
B,M,,,1510.0,36.6,,No failure
C,L,,,,25.0,156.0,No failure
C,L,,,,51.0,206.0,No failure
A,L,302.3,311.2,1386.0,,,No failure
B,L,,,1897.0,23.6,,No failure
B,L,,,1610.0,32.1,,No failure
B,L,,,1495.0,38.4,,No failure
B,M,,,1471.0,44.9,,No failure
B,L,,,1569.0,38.2,,No failure
B,H,,,1432.0,49.5,,No failure
B,L,,,1200.0,76.6,,Power Failure
B,L,,,1386.0,41.0,,No failure
A,L,299.3,309.0,1447.0,,,Random Failures
A,L,297.5,308.7,1456.0,,,No failure
A,M,298.3,308.1,1722.0,,,No failure
A,L,300.6,310.6,1508.0,,,No failure
A,L,299.4,309.0,1391.0,,,No failure
A,L,297.3,308.4,1491.0,,,No failure
B,L,,,1622.0,31.9,,No failure
B,L,,,1591.0,37.7,,No failure
A,L,299.1,310.1,1894.0,,,No failure
C,L,,,,41.5,181.0,No failure
A,L,303.7,313.1,1355.0,,,No failure
B,H,,,1449.0,42.4,,No failure
B,M,,,1331.0,61.6,,No failure
B,M,,,1433.0,51.4,,No failure
A,L,302.5,311.1,1499.0,,,No failure
A,L,298.0,308.2,1469.0,,,No failure
B,L,,,1525.0,38.7,,No failure
C,L,,,,36.0,158.0,No failure
C,L,,,,51.4,105.0,No failure
A,H,301.2,309.8,1709.0,,,No failure
B,L,,,1376.0,43.5,,No failure
A,H,298.9,308.7,1500.0,,,No failure
B,H,,,1632.0,31.8,,No failure
A,L,300.3,310.6,1433.0,,,No failure
C,L,,,,48.2,128.0,No failure
B,L,,,1542.0,35.1,,No failure
A,L,300.7,311.9,1486.0,,,No failure
A,M,302.4,311.4,1475.0,,,No failure
A,M,300.9,311.3,1801.0,,,No failure
C,H,,,,39.0,127.0,No failure
A,L,300.2,309.8,1557.0,,,No failure
A,L,296.9,307.9,1535.0,,,No failure
B,L,,,1450.0,43.3,,No failure
B,H,,,1850.0,23.3,,No failure
C,M,,,,49.0,158.0,No failure
A,H,297.3,308.4,1531.0,,,No failure
C,L,,,,47.4,170.0,No failure
A,L,298.9,310.2,1409.0,,,No failure
C,M,,,,42.3,83.0,No failure
B,L,,,1410.0,48.3,,No failure
B,L,,,1623.0,33.0,,No failure
A,H,298.8,309.9,1466.0,,,No failure
C,L,,,,34.2,66.0,No failure
B,L,,,1631.0,30.6,,No failure
C,L,,,,31.1,203.0,No failure
C,M,,,,40.8,28.0,No failure
C,M,,,,28.9,198.0,No failure
B,H,,,1458.0,42.9,,No failure
C,L,,,,33.4,139.0,No failure
C,M,,,,43.4,175.0,No failure
B,M,,,1484.0,44.7,,No failure
B,L,,,1450.0,46.6,,No failure
B,L,,,1415.0,44.2,,No failure
C,L,,,,48.3,52.0,No failure
A,L,302.8,312.1,1958.0,,,No failure
A,L,301.0,311.0,1402.0,,,No failure
C,M,,,,31.8,76.0,No failure
B,M,,,1511.0,35.8,,No failure
B,L,,,1520.0,39.3,,No failure
B,L,,,1286.0,59.5,,No failure
A,M,298.0,307.5,1524.0,,,No failure
C,H,,,,40.7,184.0,No failure
C,L,,,,26.2,164.0,No failure
B,M,,,1313.0,56.8,,No failure
A,M,301.5,310.7,1510.0,,,No failure
A,L,299.0,310.1,1444.0,,,No failure
B,H,,,1672.0,27.5,,No failure
A,M,302.2,310.9,1465.0,,,No failure
C,L,,,,65.5,229.0,Overstrain Failure
A,L,302.3,311.6,1658.0,,,No failure
A,L,297.0,307.9,1493.0,,,No failure
C,L,,,,24.7,27.0,No failure
A,L,302.4,311.1,1520.0,,,No failure
C,M,,,,38.1,62.0,No failure
B,L,,,1469.0,39.5,,No failure
B,L,,,1503.0,38.3,,No failure
B,L,,,1432.0,46.9,,No failure
B,H,,,1714.0,28.7,,No failure
B,H,,,1379.0,43.2,,No failure
A,M,301.7,310.6,1380.0,,,No failure
B,M,,,1513.0,43.8,,No failure
A,L,298.4,307.9,1743.0,,,No failure
C,L,,,,49.1,179.0,No failure
A,L,302.6,310.2,1325.0,,,Heat Dissipation Failure
B,H,,,1435.0,55.0,,No failure
B,L,,,1421.0,41.4,,No failure
C,M,,,,45.3,33.0,No failure
A,H,297.9,307.7,1618.0,,,No failure
C,M,,,,48.5,205.0,No failure
B,L,,,1489.0,42.7,,No failure
C,L,,,,16.2,218.0,Tool Wear Failure
A,H,299.3,309.0,1508.0,,,No failure
A,L,298.8,309.9,1351.0,,,No failure
B,L,,,1546.0,35.9,,No failure
A,M,297.6,309.7,1541.0,,,No failure
B,L,,,1784.0,26.4,,No failure
B,H,,,1624.0,28.8,,No failure
B,L,,,1458.0,41.8,,No failure
A,L,300.7,310.1,1376.0,,,No failure
B,L,,,1605.0,37.0,,No failure
B,M,,,1628.0,40.2,,No failure
B,L,,,1540.0,44.8,,No failure
A,L,298.3,308.5,1453.0,,,No failure
A,L,300.5,311.4,1556.0,,,No failure
B,H,,,1323.0,51.1,,No failure
A,H,299.0,308.8,1382.0,,,No failure
C,L,,,,31.1,31.0,No failure
A,H,297.7,308.8,1404.0,,,No failure
C,L,,,,42.8,169.0,No failure
C,H,,,,29.4,166.0,No failure
B,L,,,1683.0,29.7,,No failure
C,L,,,,24.8,13.0,No failure
C,M,,,,26.6,175.0,No failure
B,L,,,1443.0,45.3,,No failure
C,L,,,,37.9,60.0,No failure
A,M,299.3,308.6,1448.0,,,No failure
A,M,297.7,307.2,1405.0,,,No failure
B,L,,,1391.0,48.9,,No failure
B,H,,,1873.0,21.3,,No failure
C,M,,,,51.1,157.0,No failure
B,L,,,1584.0,35.5,,No failure
A,H,303.8,313.2,1506.0,,,No failure
B,H,,,1674.0,33.6,,No failure
A,L,301.4,310.4,1436.0,,,No failure
C,M,,,,36.4,114.0,No failure
C,M,,,,50.0,55.0,No failure
A,L,300.2,311.4,1495.0,,,No failure
B,L,,,1438.0,45.5,,No failure
C,L,,,,26.8,40.0,No failure
A,L,298.9,308.6,1400.0,,,No failure
B,L,,,1290.0,49.8,,No failure
A,M,298.0,307.6,1508.0,,,No failure
B,M,,,1636.0,35.7,,No failure
C,L,,,,54.4,17.0,No failure
A,M,302.4,311.8,1358.0,,,No failure
A,L,302.4,310.3,1374.0,,,Heat Dissipation Failure
B,L,,,1567.0,38.4,,No failure
B,M,,,1648.0,29.1,,No failure
B,L,,,1561.0,46.3,,No failure
C,L,,,,24.8,45.0,No failure
B,L,,,1528.0,39.9,,No failure
A,L,299.0,310.2,1432.0,,,No failure
B,M,,,1363.0,45.3,,No failure
A,L,298.0,308.7,1506.0,,,No failure
B,L,,,1453.0,44.0,,No failure
A,L,299.8,309.6,1447.0,,,No failure
C,L,,,,38.1,153.0,No failure
A,M,298.2,308.9,1414.0,,,No failure
C,M,,,,32.8,142.0,No failure
B,L,,,1446.0,50.1,,No failure
C,L,,,,36.6,186.0,No failure
B,L,,,1472.0,40.1,,No failure
B,L,,,1873.0,23.5,,No failure
A,M,301.2,310.3,1379.0,,,No failure
B,L,,,2280.0,15.4,,No failure
A,H,303.4,312.2,1554.0,,,No failure
A,L,300.3,310.4,1493.0,,,No failure
B,M,,,1826.0,25.1,,No failure
B,L,,,2033.0,19.3,,No failure
B,L,,,1603.0,36.7,,No failure
A,L,301.3,310.6,1426.0,,,No failure
B,L,,,1572.0,33.4,,No failure
B,L,,,1431.0,39.3,,No failure
A,L,298.6,309.7,1294.0,,,No failure
A,M,298.2,309.0,1413.0,,,No failure
C,L,,,,36.7,4.0,No failure
B,L,,,1482.0,45.6,,No failure
C,L,,,,40.9,93.0,No failure
A,M,301.5,310.5,1737.0,,,No failure
A,L,299.2,308.5,1378.0,,,No failure
A,L,299.7,311.1,1439.0,,,No failure
B,L,,,1538.0,36.7,,No failure
C,M,,,,34.9,194.0,No failure
C,L,,,,45.3,135.0,No failure
C,H,,,,29.3,37.0,No failure
C,L,,,,46.5,121.0,No failure
B,M,,,1538.0,48.0,,No failure
B,L,,,1448.0,43.4,,No failure
B,L,,,1444.0,49.0,,No failure
C,M,,,,55.1,63.0,No failure
C,L,,,,50.8,122.0,No failure
C,L,,,,37.8,7.0,No failure
B,L,,,1937.0,21.8,,No failure
B,L,,,1522.0,43.8,,No failure
B,L,,,1664.0,28.3,,No failure
C,L,,,,43.4,80.0,No failure
A,M,300.8,310.9,1557.0,,,No failure
C,L,,,,36.7,18.0,No failure
A,L,301.7,310.8,1622.0,,,No failure
B,M,,,1510.0,42.2,,No failure
B,L,,,1523.0,34.7,,No failure
A,L,301.8,310.6,1395.0,,,No failure
B,L,,,1378.0,39.9,,No failure
A,M,303.5,312.2,1818.0,,,No failure
B,L,,,1429.0,45.8,,No failure
A,L,302.4,311.2,1404.0,,,No failure
B,L,,,1709.0,31.8,,No failure
B,L,,,1751.0,29.6,,No failure
C,H,,,,48.4,153.0,No failure
C,L,,,,54.1,179.0,No failure
B,L,,,1676.0,32.4,,No failure
A,H,297.8,307.5,1631.0,,,No failure
B,M,,,1620.0,37.2,,No failure
B,L,,,1379.0,49.6,,No failure
B,L,,,1506.0,39.3,,No failure
A,L,300.6,310.7,1750.0,,,No failure
C,M,,,,32.6,57.0,No failure
B,M,,,1490.0,42.7,,No failure
C,L,,,,40.2,194.0,No failure
A,L,299.3,308.5,1485.0,,,No failure
B,L,,,1462.0,37.5,,No failure
C,M,,,,32.8,4.0,No failure
C,M,,,,18.7,144.0,No failure
C,L,,,,15.0,19.0,No failure
C,L,,,,37.5,20.0,No failure
B,L,,,1424.0,45.2,,No failure
B,L,,,1559.0,36.0,,No failure
B,L,,,1424.0,42.5,,No failure
B,L,,,1748.0,28.2,,No failure
A,M,297.9,309.1,1338.0,,,No failure
B,M,,,1565.0,33.7,,No failure
B,M,,,1389.0,52.8,,No failure
B,L,,,1517.0,36.7,,No failure
B,M,,,1480.0,37.1,,No failure
A,H,298.1,309.0,1438.0,,,No failure
A,M,298.1,309.0,1533.0,,,No failure
C,L,,,,29.2,62.0,No failure
A,L,303.4,311.8,1499.0,,,No failure
A,M,300.6,309.7,1428.0,,,No failure
A,L,301.9,310.4,1518.0,,,No failure
C,M,,,,48.6,7.0,No failure
B,L,,,1516.0,37.4,,No failure
B,L,,,1742.0,25.9,,No failure
C,L,,,,28.5,63.0,No failure
A,L,303.5,311.9,1344.0,,,Heat Dissipation Failure
C,M,,,,28.9,76.0,No failure
B,M,,,1681.0,27.1,,No failure
B,M,,,1438.0,42.8,,No failure
C,L,,,,45.2,40.0,No failure
A,L,297.8,308.5,1448.0,,,No failure
A,L,298.8,309.1,1439.0,,,No failure
A,H,298.2,309.0,1371.0,,,No failure
C,M,,,,33.8,115.0,No failure
C,M,,,,60.8,96.0,No failure
C,L,,,,32.8,206.0,No failure
C,L,,,,39.5,75.0,No failure
B,L,,,1446.0,40.0,,No failure
A,M,300.4,311.7,1478.0,,,No failure
B,H,,,1420.0,46.7,,No failure
A,L,297.4,308.4,1394.0,,,No failure
C,L,,,,32.8,108.0,No failure
C,M,,,,45.4,118.0,No failure
A,M,297.0,308.1,1507.0,,,No failure
B,L,,,1382.0,53.0,,No failure
A,L,298.3,308.5,1416.0,,,No failure
B,M,,,1597.0,32.1,,No failure
B,L,,,1474.0,41.2,,No failure
C,M,,,,42.1,76.0,No failure
B,L,,,1329.0,49.2,,No failure
A,L,301.9,311.3,1501.0,,,No failure
C,M,,,,46.2,95.0,No failure
B,L,,,1590.0,31.9,,No failure
B,M,,,1445.0,47.3,,No failure
C,L,,,,30.4,33.0,No failure
C,L,,,,40.8,219.0,No failure
C,L,,,,41.7,180.0,No failure
B,M,,,1320.0,62.2,,No failure
A,H,297.7,308.4,1288.0,,,No failure
A,M,298.2,308.7,1269.0,,,No failure
C,L,,,,47.8,176.0,No failure
C,M,,,,37.0,184.0,No failure
B,L,,,1459.0,50.3,,No failure
A,M,298.8,308.6,1707.0,,,No failure
A,H,298.8,310.1,1567.0,,,No failure
A,M,302.4,311.8,1644.0,,,No failure
C,M,,,,42.3,21.0,No failure
B,L,,,1439.0,44.2,,No failure
B,L,,,1462.0,52.3,,No failure
A,M,300.2,309.9,1569.0,,,No failure
C,L,,,,54.9,69.0,No failure
C,L,,,,57.1,68.0,No failure
C,L,,,,53.4,21.0,No failure
A,M,303.4,311.7,1515.0,,,No failure
B,L,,,1563.0,35.0,,No failure
A,M,299.5,309.2,1495.0,,,No failure
C,L,,,,34.4,146.0,No failure
C,M,,,,34.5,110.0,No failure
A,H,299.2,308.7,1375.0,,,No failure
B,L,,,1466.0,42.5,,No failure
A,L,298.9,310.1,1523.0,,,No failure
B,M,,,1685.0,28.2,,No failure
C,L,,,,41.0,192.0,No failure
A,M,298.3,308.5,1629.0,,,No failure
A,L,298.2,308.9,1278.0,,,No failure
B,L,,,1374.0,46.7,,No failure
C,L,,,,53.9,207.0,Overstrain Failure
B,H,,,1622.0,31.8,,No failure
A,M,297.4,308.4,1620.0,,,No failure
C,L,,,,33.5,141.0,No failure
B,M,,,1375.0,45.7,,No failure
A,M,300.5,309.9,1994.0,,,No failure
B,M,,,1254.0,55.8,,No failure
B,L,,,1488.0,35.7,,No failure
A,M,301.1,310.6,1310.0,,,No failure
C,L,,,,45.8,170.0,No failure
A,L,300.5,311.5,1487.0,,,No failure
B,L,,,1410.0,43.9,,No failure
B,M,,,1416.0,48.5,,No failure
C,L,,,,47.3,160.0,No failure
A,M,300.5,311.7,2141.0,,,No failure
A,L,303.5,312.7,1694.0,,,No failure
B,L,,,1312.0,50.3,,No failure
B,L,,,1394.0,44.3,,No failure
A,L,301.3,310.8,1428.0,,,No failure
B,L,,,1424.0,43.5,,No failure
B,L,,,1651.0,36.9,,No failure
C,L,,,,40.4,190.0,No failure
C,L,,,,37.9,9.0,No failure
C,M,,,,40.1,81.0,No failure
B,L,,,1833.0,25.2,,No failure
B,L,,,1761.0,27.2,,No failure
A,L,304.1,313.2,1434.0,,,No failure
A,M,299.8,309.8,1427.0,,,No failure
C,L,,,,52.1,100.0,No failure
A,L,302.2,310.0,1483.0,,,No failure
B,M,,,1397.0,52.4,,No failure
A,L,298.4,310.1,1533.0,,,No failure
A,L,300.7,310.6,1616.0,,,No failure
C,L,,,,45.4,181.0,No failure
A,M,297.6,309.3,1415.0,,,No failure
B,M,,,1398.0,53.7,,No failure
B,L,,,1461.0,40.2,,No failure
C,M,,,,36.3,233.0,No failure
B,M,,,1421.0,46.0,,No failure
A,L,302.5,311.9,1306.0,,,Random Failures
C,L,,,,35.1,152.0,No failure
A,M,301.7,311.2,1413.0,,,No failure
B,M,,,1412.0,44.4,,No failure
C,M,,,,28.3,130.0,No failure
C,L,,,,53.3,212.0,Overstrain Failure
C,L,,,,55.6,215.0,Overstrain Failure
B,M,,,2157.0,17.8,,No failure
A,M,300.4,311.6,1518.0,,,No failure
A,L,297.4,308.4,1434.0,,,No failure
B,L,,,1489.0,40.3,,No failure
C,H,,,,29.9,210.0,No failure
C,L,,,,32.4,154.0,No failure
B,L,,,1581.0,34.6,,No failure
C,L,,,,45.6,2.0,No failure
C,L,,,,30.3,62.0,No failure
C,H,,,,47.6,246.0,Tool Wear Failure
C,M,,,,29.1,163.0,No failure
B,M,,,1350.0,57.0,,No failure
C,L,,,,33.5,39.0,No failure
C,L,,,,43.8,210.0,No failure
B,M,,,1303.0,54.4,,No failure
B,H,,,1674.0,30.0,,No failure
A,L,301.3,310.4,1538.0,,,No failure
A,L,299.8,309.1,1668.0,,,No failure
A,M,296.9,307.5,1556.0,,,No failure
B,H,,,1570.0,35.8,,No failure
A,L,296.7,308.0,1535.0,,,No failure
A,L,301.8,310.7,1751.0,,,No failure
C,M,,,,40.6,101.0,No failure
B,M,,,1459.0,45.2,,No failure
A,L,297.5,309.3,1479.0,,,No failure
A,L,302.2,311.4,1987.0,,,No failure
A,M,300.8,309.4,1342.0,,,Heat Dissipation Failure
B,L,,,1390.0,51.4,,No failure
A,M,300.8,311.2,1429.0,,,No failure
B,M,,,1397.0,50.2,,No failure
B,L,,,1465.0,40.7,,No failure
A,L,298.1,308.0,1638.0,,,No failure
C,L,,,,39.1,117.0,No failure
B,M,,,1579.0,36.6,,No failure
C,L,,,,38.5,82.0,No failure
C,M,,,,51.6,184.0,No failure
C,L,,,,41.9,96.0,No failure
A,L,302.1,310.7,1325.0,,,Heat Dissipation Failure
B,L,,,1422.0,48.7,,No failure
B,M,,,1470.0,44.4,,No failure
B,M,,,1344.0,53.0,,No failure
C,M,,,,48.2,86.0,No failure
A,L,296.9,307.6,1452.0,,,No failure
B,M,,,1664.0,30.7,,No failure
B,L,,,1501.0,48.7,,No failure
B,L,,,1845.0,21.9,,No failure
A,L,297.3,308.5,1398.0,,,No failure
B,L,,,1675.0,29.7,,No failure
B,L,,,1475.0,42.4,,No failure
B,L,,,1448.0,44.8,,No failure
A,L,304.2,313.6,1411.0,,,No failure
B,L,,,1698.0,29.6,,No failure
C,L,,,,41.7,16.0,No failure
C,L,,,,33.9,78.0,No failure
C,L,,,,45.8,42.0,No failure
C,L,,,,41.2,40.0,No failure
A,L,300.7,310.4,1543.0,,,No failure
A,L,299.2,310.6,1675.0,,,No failure
C,L,,,,37.0,11.0,No failure
A,L,300.2,310.4,1808.0,,,No failure
A,L,297.2,308.3,1805.0,,,No failure
A,L,301.9,310.9,1616.0,,,No failure
B,M,,,1403.0,50.4,,No failure
B,L,,,1586.0,37.7,,No failure
B,L,,,1498.0,39.3,,No failure
C,M,,,,35.3,167.0,No failure
A,L,302.6,310.4,1743.0,,,No failure
B,L,,,1743.0,26.2,,No failure
A,L,302.3,311.4,1511.0,,,No failure
A,L,299.8,311.1,2144.0,,,No failure
C,L,,,,35.2,23.0,No failure
B,L,,,1336.0,46.8,,No failure
C,L,,,,39.3,192.0,No failure
A,L,297.5,308.4,1384.0,,,No failure
B,M,,,1349.0,52.1,,No failure
C,M,,,,34.5,71.0,No failure
B,L,,,1581.0,33.1,,No failure
A,L,301.7,311.3,1708.0,,,No failure
B,L,,,1579.0,36.1,,No failure
A,H,302.3,310.9,1366.0,,,Heat Dissipation Failure
B,L,,,1962.0,20.2,,No failure
A,L,301.9,309.7,1595.0,,,No failure
C,L,,,,21.0,194.0,No failure
B,L,,,1753.0,29.0,,No failure
C,L,,,,37.0,54.0,No failure
A,L,301.5,310.7,1423.0,,,No failure
C,L,,,,42.4,164.0,No failure
B,M,,,1453.0,44.1,,No failure
C,H,,,,46.7,102.0,No failure
B,L,,,1673.0,30.8,,No failure
B,M,,,1388.0,42.9,,No failure
A,M,295.5,305.9,1518.0,,,No failure
C,H,,,,48.2,164.0,No failure
B,M,,,1571.0,33.7,,No failure
B,L,,,1715.0,28.4,,No failure
C,M,,,,38.9,188.0,No failure
A,L,302.0,310.4,1357.0,,,Heat Dissipation Failure
A,M,299.6,309.2,1651.0,,,No failure
B,L,,,1487.0,36.9,,No failure
C,M,,,,44.8,65.0,No failure
C,L,,,,22.7,49.0,No failure
B,L,,,1539.0,36.9,,No failure
B,M,,,1396.0,48.7,,No failure
C,M,,,,33.6,81.0,No failure
B,L,,,1432.0,54.4,,No failure
A,L,297.6,308.5,1475.0,,,No failure
B,L,,,2168.0,17.7,,No failure
A,L,300.5,309.5,1777.0,,,No failure
B,L,,,1511.0,35.7,,No failure
B,L,,,1633.0,31.2,,No failure
C,M,,,,26.9,183.0,No failure
A,H,298.7,309.6,1755.0,,,No failure
C,L,,,,58.8,202.0,Overstrain Failure
A,L,303.5,312.4,1340.0,,,No failure
B,L,,,1682.0,28.8,,No failure
B,L,,,1434.0,49.6,,No failure
B,M,,,1330.0,51.7,,No failure
A,H,299.0,310.0,1569.0,,,No failure
A,M,301.8,310.3,1409.0,,,No failure
B,H,,,1646.0,30.2,,No failure
B,L,,,1396.0,44.5,,No failure
B,M,,,1408.0,38.8,,No failure
C,L,,,,34.3,48.0,No failure
C,M,,,,50.2,109.0,No failure
A,L,297.2,308.5,1574.0,,,No failure
C,L,,,,47.8,187.0,No failure
B,L,,,1379.0,50.4,,No failure
A,L,303.3,311.7,1539.0,,,No failure
B,L,,,1371.0,54.5,,No failure
C,L,,,,29.3,71.0,No failure
A,H,297.6,309.0,1735.0,,,No failure
C,M,,,,55.2,95.0,No failure
C,L,,,,55.2,103.0,No failure
C,L,,,,56.5,110.0,No failure
C,M,,,,43.3,174.0,No failure
B,M,,,1367.0,47.6,,No failure
C,M,,,,46.9,123.0,No failure
C,M,,,,23.9,198.0,No failure
A,L,300.5,311.9,1432.0,,,No failure
C,M,,,,54.8,253.0,Overstrain Failure
B,H,,,1557.0,39.1,,No failure
C,L,,,,46.9,19.0,No failure
A,M,302.9,312.2,1292.0,,,No failure
C,L,,,,22.0,175.0,No failure
C,L,,,,48.9,228.0,Overstrain Failure
A,M,300.1,311.3,1650.0,,,No failure
B,L,,,1621.0,34.1,,No failure
A,M,298.8,309.9,1495.0,,,No failure
B,L,,,1393.0,52.6,,No failure
A,M,300.0,309.5,1425.0,,,No failure
C,L,,,,34.9,76.0,No failure
A,L,299.3,310.5,1529.0,,,No failure
A,L,298.1,309.0,1497.0,,,No failure
B,M,,,1487.0,39.5,,No failure
C,H,,,,44.4,154.0,No failure
B,L,,,1884.0,23.4,,No failure
B,M,,,1507.0,33.4,,No failure
C,L,,,,31.7,100.0,No failure
A,M,302.3,311.1,1295.0,,,No failure
B,L,,,1545.0,43.5,,Random Failures
C,H,,,,30.6,50.0,No failure
B,L,,,1636.0,35.0,,No failure
B,L,,,1397.0,42.4,,No failure
C,H,,,,43.1,159.0,No failure
A,L,296.9,308.0,1343.0,,,No failure
C,H,,,,50.3,124.0,No failure
C,L,,,,32.5,93.0,No failure
C,L,,,,40.8,73.0,No failure
A,M,303.3,311.3,1566.0,,,No failure
A,M,298.3,307.7,1717.0,,,No failure
B,L,,,1670.0,33.0,,No failure
A,L,301.6,310.9,1385.0,,,No failure
C,L,,,,30.4,33.0,No failure
A,L,301.0,312.2,1540.0,,,No failure
B,M,,,1413.0,45.5,,No failure
A,M,303.0,311.0,1409.0,,,No failure
B,M,,,1697.0,28.2,,No failure
A,L,303.4,311.9,1491.0,,,No failure
B,L,,,1395.0,49.8,,No failure
C,M,,,,50.0,163.0,No failure
B,M,,,1677.0,34.9,,No failure
B,M,,,1449.0,40.8,,No failure
B,L,,,1494.0,38.2,,No failure
A,L,302.5,310.4,1487.0,,,No failure
C,M,,,,15.1,172.0,No failure
C,M,,,,22.3,116.0,No failure
B,L,,,1387.0,51.1,,No failure
B,L,,,1568.0,41.0,,No failure
A,M,298.9,309.3,1581.0,,,No failure
A,M,303.4,311.4,1307.0,,,Heat Dissipation Failure
C,L,,,,31.7,204.0,No failure
B,L,,,1642.0,32.3,,No failure
C,L,,,,26.9,17.0,No failure
B,L,,,1435.0,43.3,,No failure
B,H,,,1506.0,36.1,,No failure
C,M,,,,58.7,129.0,No failure
B,L,,,1387.0,47.3,,No failure
B,L,,,1611.0,35.7,,No failure
C,M,,,,36.9,231.0,No failure
C,M,,,,50.8,99.0,No failure
C,L,,,,30.4,121.0,No failure
A,L,300.8,310.7,1633.0,,,No failure
A,M,300.8,310.9,1522.0,,,No failure
B,M,,,1645.0,35.7,,No failure
A,M,298.9,308.4,1827.0,,,No failure
C,H,,,,48.7,130.0,No failure
A,L,300.5,311.5,1708.0,,,No failure
A,L,300.7,309.5,1592.0,,,No failure
B,M,,,1610.0,29.1,,No failure
A,M,301.7,310.7,1627.0,,,No failure
C,M,,,,52.5,61.0,No failure
B,H,,,1460.0,47.2,,No failure
B,M,,,1644.0,34.6,,No failure
C,L,,,,44.6,31.0,No failure
B,M,,,1410.0,43.9,,No failure
B,L,,,1474.0,44.3,,No failure
A,L,296.5,307.3,1579.0,,,No failure
A,L,297.5,308.5,1373.0,,,No failure
B,M,,,1429.0,41.6,,No failure
A,L,301.7,310.9,1705.0,,,No failure
B,L,,,1544.0,41.9,,No failure
B,L,,,1452.0,38.6,,No failure
B,M,,,1539.0,37.4,,No failure
C,L,,,,42.9,89.0,No failure
C,L,,,,40.6,154.0,No failure
B,M,,,1577.0,39.8,,No failure
A,L,300.3,309.8,1523.0,,,No failure
C,L,,,,33.5,104.0,No failure
C,M,,,,55.9,143.0,No failure
A,M,301.5,310.7,1744.0,,,No failure
A,M,300.8,309.7,1519.0,,,No failure
A,L,301.6,309.9,1440.0,,,No failure
A,L,299.8,309.6,1526.0,,,No failure
A,L,299.8,309.4,1436.0,,,No failure
A,L,300.9,310.8,1482.0,,,No failure
A,M,297.3,308.4,1370.0,,,No failure
B,L,,,1558.0,34.1,,No failure
A,L,297.6,308.1,1437.0,,,No failure
B,H,,,1461.0,40.1,,No failure
B,H,,,1577.0,34.7,,No failure
A,M,297.2,307.9,1541.0,,,No failure
A,L,302.3,310.1,1513.0,,,No failure
B,H,,,1623.0,33.8,,No failure
B,H,,,1404.0,55.8,,No failure
C,L,,,,45.9,49.0,No failure
B,L,,,1304.0,48.7,,No failure
A,L,300.5,309.7,1384.0,,,No failure
A,L,300.7,310.2,1807.0,,,No failure
A,H,300.5,310.6,1411.0,,,No failure
A,M,302.5,310.3,1411.0,,,No failure
C,M,,,,38.0,84.0,No failure
C,L,,,,56.2,218.0,Overstrain Failure
B,L,,,1459.0,47.6,,No failure
C,M,,,,33.2,3.0,No failure
C,L,,,,44.2,129.0,No failure
C,M,,,,34.1,94.0,No failure
B,L,,,1968.0,20.6,,No failure
A,L,301.8,311.0,1606.0,,,No failure
B,L,,,1507.0,39.5,,No failure
A,M,301.9,309.6,1551.0,,,No failure
A,M,296.6,307.4,1790.0,,,No failure
A,H,296.8,308.1,1492.0,,,No failure
B,M,,,1485.0,42.0,,No failure
A,M,300.1,309.6,1584.0,,,No failure
B,H,,,1726.0,26.8,,No failure
A,M,303.0,311.3,1335.0,,,Heat Dissipation Failure
A,M,301.0,310.9,2047.0,,,No failure
C,L,,,,42.1,154.0,No failure
B,H,,,1631.0,30.5,,No failure
B,L,,,2424.0,14.5,,No failure
A,H,300.6,310.6,1830.0,,,No failure
B,H,,,1655.0,29.9,,No failure
C,L,,,,67.6,194.0,Overstrain Failure
B,L,,,1561.0,33.2,,No failure
C,M,,,,45.8,80.0,No failure
A,L,303.0,312.7,1551.0,,,No failure
B,L,,,1520.0,39.2,,No failure
A,L,303.0,312.7,2024.0,,,No failure
B,L,,,1482.0,42.1,,No failure
A,M,303.0,312.4,1645.0,,,No failure
C,H,,,,35.1,75.0,No failure
A,L,302.4,312.0,1621.0,,,No failure
C,L,,,,56.7,203.0,Overstrain Failure
A,L,298.8,308.7,1591.0,,,No failure
A,M,302.0,311.3,1725.0,,,No failure
A,M,301.9,310.9,2305.0,,,No failure
C,L,,,,36.7,173.0,No failure
B,L,,,1551.0,37.2,,No failure
A,H,297.5,309.4,1368.0,,,No failure
B,L,,,1396.0,50.0,,No failure
B,M,,,1326.0,47.5,,No failure
C,L,,,,33.1,71.0,No failure
A,H,300.6,309.8,1913.0,,,No failure
A,L,297.2,308.1,1662.0,,,No failure
B,M,,,1476.0,45.6,,No failure
A,H,303.2,311.2,1475.0,,,No failure
B,L,,,1538.0,40.4,,No failure
B,M,,,2044.0,22.3,,No failure
B,M,,,1597.0,33.5,,No failure
B,M,,,1518.0,39.0,,No failure
C,M,,,,50.8,15.0,No failure
B,L,,,1731.0,27.9,,No failure
C,L,,,,45.7,108.0,No failure
C,L,,,,35.4,34.0,No failure
B,L,,,1450.0,55.0,,No failure
C,M,,,,45.0,17.0,No failure
B,M,,,1378.0,51.6,,No failure
B,L,,,1571.0,38.2,,No failure
B,L,,,1596.0,37.1,,No failure
C,H,,,,32.1,183.0,No failure
A,L,297.9,308.5,1472.0,,,No failure
A,M,296.8,307.8,1551.0,,,No failure
B,M,,,1499.0,39.4,,No failure
B,M,,,1960.0,20.9,,No failure
A,L,296.9,307.8,1425.0,,,No failure
B,M,,,1586.0,35.7,,No failure
A,L,304.2,313.4,1421.0,,,No failure
A,M,302.4,310.5,1372.0,,,Heat Dissipation Failure
C,M,,,,14.7,144.0,No failure
A,M,300.0,309.6,1573.0,,,No failure
A,L,300.7,311.2,1452.0,,,No failure
B,H,,,1256.0,62.3,,No failure
C,L,,,,47.9,127.0,No failure
C,L,,,,36.8,46.0,No failure
B,M,,,1492.0,46.1,,No failure
C,L,,,,45.3,166.0,No failure
A,L,301.5,310.4,1629.0,,,No failure
A,L,296.8,307.6,1588.0,,,No failure
A,L,297.3,308.5,1764.0,,,No failure
C,L,,,,39.4,18.0,No failure
A,M,297.8,309.2,1295.0,,,No failure
C,L,,,,37.8,42.0,No failure
C,L,,,,42.5,179.0,No failure
B,L,,,1551.0,37.7,,No failure
C,M,,,,31.3,200.0,No failure
A,M,301.8,310.9,1299.0,,,No failure
A,L,298.5,309.6,1724.0,,,No failure
B,M,,,2293.0,16.3,,No failure
B,M,,,1462.0,40.5,,No failure
B,L,,,1709.0,28.1,,No failure
C,M,,,,60.5,0.0,No failure
C,L,,,,33.4,176.0,No failure
C,L,,,,57.4,164.0,No failure
A,M,299.2,308.4,1396.0,,,No failure
B,L,,,1388.0,41.9,,No failure
B,M,,,1661.0,34.5,,No failure
B,L,,,1379.0,47.3,,No failure
A,L,302.4,310.3,1479.0,,,No failure
A,M,301.1,311.2,1384.0,,,No failure
A,L,298.3,309.2,1383.0,,,No failure
A,L,297.7,309.6,1480.0,,,No failure
B,H,,,1548.0,44.3,,No failure
C,L,,,,33.4,20.0,No failure
A,H,298.6,308.2,1555.0,,,No failure
B,L,,,1584.0,32.2,,No failure
A,L,297.8,308.9,1518.0,,,No failure
A,M,302.1,310.1,1379.0,,,Heat Dissipation Failure
A,M,299.2,310.4,1395.0,,,No failure
C,L,,,,45.5,173.0,No failure
C,L,,,,38.7,22.0,No failure
A,H,302.7,310.8,1275.0,,,Heat Dissipation Failure
C,M,,,,40.4,35.0,No failure
A,H,301.3,311.0,1580.0,,,No failure
A,M,298.8,309.9,1495.0,,,No failure
A,M,302.0,311.4,1587.0,,,No failure
C,L,,,,41.0,114.0,No failure
C,L,,,,43.3,32.0,No failure
A,L,298.0,308.8,1581.0,,,No failure
C,L,,,,29.0,95.0,No failure
A,L,301.2,310.4,1470.0,,,No failure
A,M,302.5,312.0,1826.0,,,No failure
B,L,,,1510.0,36.2,,No failure
B,L,,,1918.0,21.7,,No failure
B,L,,,1336.0,57.1,,No failure
B,L,,,1622.0,33.3,,No failure
B,L,,,1692.0,31.5,,No failure
A,L,297.1,308.2,1399.0,,,No failure
B,L,,,1433.0,37.7,,No failure
C,L,,,,30.5,201.0,No failure
C,L,,,,27.6,145.0,No failure
C,M,,,,47.2,102.0,No failure
C,L,,,,53.6,5.0,No failure
B,M,,,1378.0,50.1,,No failure
A,L,299.9,311.3,1504.0,,,No failure
B,L,,,1336.0,54.4,,No failure
B,L,,,1432.0,44.7,,No failure
A,L,303.6,312.2,1696.0,,,No failure
C,L,,,,54.9,128.0,No failure
B,L,,,1616.0,33.7,,No failure
C,L,,,,33.6,115.0,No failure
B,L,,,1596.0,37.2,,No failure
A,L,300.4,311.2,1471.0,,,No failure
C,H,,,,45.6,37.0,No failure
A,L,297.1,308.5,1733.0,,,No failure
C,H,,,,27.7,176.0,No failure
C,L,,,,50.3,137.0,No failure
B,M,,,1487.0,47.5,,No failure
B,H,,,1369.0,50.7,,No failure
C,L,,,,39.8,202.0,No failure
A,L,300.6,310.7,1440.0,,,No failure
C,L,,,,49.7,41.0,No failure
B,L,,,1346.0,46.7,,No failure
C,L,,,,54.5,51.0,No failure
A,L,301.3,310.8,1560.0,,,No failure
A,H,301.0,312.2,1489.0,,,No failure
B,H,,,1429.0,37.6,,No failure
A,L,298.6,309.7,1356.0,,,No failure
A,L,298.6,309.8,1842.0,,,No failure
B,L,,,1445.0,46.4,,No failure
B,L,,,1472.0,44.2,,No failure
A,L,300.1,309.6,1760.0,,,No failure
C,L,,,,38.1,106.0,No failure
B,M,,,1498.0,49.5,,No failure
C,L,,,,44.9,119.0,No failure
C,L,,,,39.2,167.0,No failure
C,L,,,,45.4,36.0,No failure
C,L,,,,43.5,98.0,No failure
A,L,304.2,313.3,1464.0,,,No failure
A,H,298.9,310.6,1519.0,,,No failure
B,L,,,1408.0,38.4,,No failure
B,H,,,1451.0,42.8,,No failure
C,L,,,,21.3,78.0,No failure
A,L,298.7,309.0,1691.0,,,No failure
C,L,,,,53.9,215.0,Overstrain Failure
A,M,297.5,308.5,1699.0,,,No failure
C,L,,,,49.8,12.0,No failure
B,M,,,1551.0,36.6,,No failure
C,M,,,,30.1,98.0,No failure
A,L,300.7,309.3,1425.0,,,No failure
A,M,303.4,311.8,1515.0,,,No failure
A,L,303.2,311.4,1514.0,,,No failure
A,H,300.9,312.0,1397.0,,,No failure
C,H,,,,47.8,19.0,No failure
C,L,,,,52.3,218.0,Overstrain Failure
C,M,,,,19.0,5.0,No failure
C,L,,,,61.1,178.0,No failure
C,L,,,,53.9,88.0,No failure
C,H,,,,45.1,63.0,No failure
C,L,,,,28.3,64.0,No failure
C,M,,,,27.7,42.0,No failure
A,M,298.1,308.9,1417.0,,,No failure
B,M,,,1488.0,46.3,,No failure
C,M,,,,46.4,24.0,No failure
A,L,297.1,307.8,1681.0,,,No failure
B,L,,,1534.0,39.0,,No failure
B,L,,,1641.0,33.4,,No failure
B,H,,,1636.0,35.5,,No failure
A,L,300.4,311.6,1332.0,,,No failure
B,L,,,1483.0,45.6,,No failure
A,L,301.8,310.6,1451.0,,,No failure
C,L,,,,35.6,46.0,No failure
B,L,,,1840.0,26.6,,No failure
C,M,,,,37.9,204.0,No failure
A,L,302.6,311.6,1576.0,,,No failure
A,L,303.7,312.9,1461.0,,,No failure
C,L,,,,46.4,150.0,No failure
B,L,,,1426.0,53.4,,No failure
C,L,,,,62.6,183.0,Overstrain Failure
C,L,,,,42.8,68.0,No failure
B,M,,,1350.0,48.8,,No failure
B,L,,,1549.0,34.9,,No failure
A,L,301.1,310.5,1428.0,,,No failure
C,L,,,,34.6,14.0,No failure
B,M,,,1544.0,36.3,,No failure
A,M,301.3,310.4,1635.0,,,No failure
A,L,301.6,310.7,1457.0,,,No failure
A,M,301.1,311.2,1407.0,,,No failure
A,L,302.6,312.4,1628.0,,,No failure
B,H,,,1365.0,52.4,,No failure
A,L,299.5,310.0,1481.0,,,No failure
A,M,298.3,307.7,1520.0,,,No failure
C,M,,,,32.9,135.0,No failure
C,M,,,,43.5,112.0,No failure
C,L,,,,25.8,72.0,No failure
A,L,300.9,310.7,1352.0,,,No failure
C,L,,,,29.1,197.0,No failure
C,M,,,,45.9,3.0,No failure
A,L,297.6,308.8,1475.0,,,No failure
A,L,298.1,309.9,1642.0,,,No failure
B,L,,,1896.0,24.4,,No failure
C,L,,,,36.1,95.0,No failure
C,M,,,,45.5,146.0,No failure
B,L,,,1479.0,39.5,,No failure
A,L,300.1,309.8,1430.0,,,No failure
B,M,,,1832.0,23.7,,No failure
B,L,,,1347.0,55.3,,No failure
B,L,,,1429.0,43.7,,No failure
B,L,,,1804.0,25.1,,No failure
C,M,,,,33.1,209.0,Tool Wear Failure
A,L,304.0,313.2,1584.0,,,No failure
A,L,297.8,309.7,1341.0,,,No failure
A,H,300.8,309.4,1474.0,,,No failure
B,M,,,1300.0,58.3,,No failure
B,M,,,1387.0,56.2,,No failure
C,L,,,,39.3,196.0,No failure
B,M,,,1694.0,31.4,,No failure
B,H,,,2370.0,14.7,,No failure
C,L,,,,41.9,196.0,No failure
B,M,,,1551.0,34.7,,No failure
C,L,,,,22.9,172.0,No failure
A,L,297.7,308.4,1740.0,,,No failure
A,M,297.3,308.4,1434.0,,,No failure
B,M,,,1568.0,36.7,,No failure
B,L,,,1404.0,54.8,,No failure
B,L,,,1895.0,23.2,,No failure
A,L,301.5,310.5,1702.0,,,No failure
A,L,300.6,309.6,1682.0,,,No failure
A,L,297.9,309.0,1456.0,,,No failure
A,M,303.8,312.7,1555.0,,,No failure
A,L,300.8,309.4,1489.0,,,No failure
A,M,299.2,310.6,1443.0,,,No failure
A,L,297.9,307.7,1593.0,,,No failure
C,L,,,,30.8,182.0,No failure
A,M,301.7,311.1,1489.0,,,No failure
C,L,,,,34.7,74.0,No failure
C,L,,,,38.6,173.0,No failure
A,L,298.3,309.1,1386.0,,,No failure
C,M,,,,58.4,201.0,No failure
C,L,,,,39.7,24.0,No failure
A,L,297.2,308.3,1419.0,,,No failure
C,L,,,,37.4,37.0,No failure
B,L,,,1448.0,36.8,,No failure
C,L,,,,44.4,207.0,Tool Wear Failure
C,M,,,,36.9,229.0,No failure
A,M,298.1,307.7,1445.0,,,No failure
B,L,,,1568.0,39.7,,No failure
A,M,297.4,308.7,1481.0,,,No failure
B,L,,,1729.0,28.1,,No failure
A,M,298.8,308.6,1507.0,,,No failure
A,L,299.8,309.2,1491.0,,,No failure
A,L,301.4,310.4,1388.0,,,No failure
C,M,,,,44.5,113.0,No failure
B,L,,,2153.0,15.3,,Power Failure
A,L,298.9,308.2,1686.0,,,No failure
C,M,,,,45.0,77.0,No failure
B,M,,,1626.0,40.4,,No failure
A,L,301.1,309.6,1502.0,,,No failure
C,L,,,,38.9,18.0,No failure
C,M,,,,41.6,118.0,No failure
B,H,,,1440.0,46.1,,No failure
A,L,300.7,310.7,1541.0,,,No failure
C,L,,,,35.3,170.0,No failure
C,H,,,,39.0,143.0,No failure
B,L,,,1556.0,37.7,,No failure
C,L,,,,28.7,94.0,No failure
C,L,,,,31.1,196.0,No failure
B,L,,,1562.0,37.6,,No failure
C,M,,,,40.7,178.0,No failure
A,M,297.3,308.3,1697.0,,,No failure
A,L,298.2,308.4,1666.0,,,No failure
B,H,,,1626.0,31.1,,Random Failures
B,M,,,1614.0,30.7,,No failure
B,L,,,1515.0,38.4,,No failure
A,M,299.7,310.5,1492.0,,,No failure
A,L,301.0,311.3,1349.0,,,No failure
B,M,,,1550.0,34.9,,No failure
A,M,300.3,309.1,1458.0,,,No failure
C,L,,,,37.5,145.0,No failure
A,L,300.3,311.1,1388.0,,,No failure
A,M,299.6,310.9,1474.0,,,No failure
C,M,,,,38.2,117.0,No failure
A,L,298.2,309.1,1568.0,,,No failure
C,L,,,,19.3,181.0,No failure
B,L,,,1676.0,31.0,,No failure
C,M,,,,36.8,50.0,No failure
A,L,296.8,307.8,1373.0,,,No failure
A,L,300.7,312.3,1577.0,,,No failure
B,L,,,1388.0,53.8,,No failure
B,L,,,1566.0,35.7,,No failure
A,M,299.6,309.2,1393.0,,,No failure
A,L,298.8,309.7,1505.0,,,No failure
C,L,,,,27.7,84.0,No failure
B,M,,,1487.0,36.6,,No failure
A,L,296.8,307.4,1549.0,,,No failure
C,L,,,,34.2,108.0,No failure
A,L,298.9,310.1,1442.0,,,No failure
B,L,,,1388.0,40.3,,No failure
A,L,299.9,311.3,1429.0,,,No failure
B,M,,,1640.0,32.8,,No failure
C,M,,,,33.7,218.0,No failure
C,L,,,,36.2,3.0,No failure
B,M,,,1436.0,48.2,,No failure
C,H,,,,51.8,76.0,No failure
A,M,303.3,312.6,1482.0,,,No failure
C,L,,,,38.9,12.0,No failure
B,L,,,1610.0,34.6,,No failure
C,L,,,,40.2,63.0,No failure
C,L,,,,54.7,95.0,No failure
A,L,299.7,309.2,1781.0,,,No failure
A,L,301.3,311.2,1675.0,,,No failure
A,L,298.3,310.0,1442.0,,,No failure
C,M,,,,53.4,151.0,No failure
A,L,302.4,311.2,1448.0,,,No failure
A,L,299.5,310.7,1472.0,,,No failure
C,L,,,,47.1,215.0,No failure
A,H,298.0,308.1,1440.0,,,No failure
B,L,,,1457.0,44.1,,No failure
C,M,,,,41.9,221.0,Tool Wear Failure
C,H,,,,44.4,82.0,No failure
B,L,,,2127.0,18.7,,No failure
B,L,,,1584.0,29.3,,No failure
A,L,303.7,312.5,1433.0,,,No failure
B,M,,,1337.0,54.8,,No failure
A,L,301.3,310.5,1503.0,,,No failure
C,L,,,,52.7,44.0,No failure
C,M,,,,41.8,170.0,No failure
A,L,302.4,311.0,1555.0,,,No failure
A,H,297.8,309.2,1648.0,,,No failure
A,L,301.1,310.7,1376.0,,,No failure
B,M,,,1500.0,43.0,,No failure
B,L,,,1372.0,49.0,,No failure
A,L,299.3,308.7,1579.0,,,No failure
B,L,,,1524.0,43.5,,No failure
C,L,,,,34.9,115.0,No failure
C,M,,,,50.0,70.0,No failure
C,L,,,,36.1,70.0,No failure
A,M,299.5,310.7,1488.0,,,No failure
C,L,,,,34.1,129.0,No failure
B,M,,,1828.0,24.6,,No failure
A,L,300.6,309.6,1411.0,,,No failure
C,L,,,,35.4,217.0,Tool Wear Failure
C,L,,,,41.3,69.0,No failure
A,L,297.7,308.8,1515.0,,,No failure
C,L,,,,30.5,46.0,No failure
A,L,298.8,310.5,1464.0,,,No failure
B,M,,,1551.0,36.6,,No failure
B,L,,,1698.0,30.8,,No failure
C,M,,,,27.8,66.0,No failure
C,L,,,,51.2,173.0,No failure
A,L,301.2,310.8,1392.0,,,No failure
C,H,,,,62.4,31.0,No failure
A,L,297.9,307.8,1538.0,,,No failure
C,L,,,,33.2,94.0,No failure
B,H,,,1375.0,54.0,,No failure
B,L,,,1576.0,30.4,,No failure
A,L,296.6,308.0,1978.0,,,No failure
B,M,,,1463.0,35.7,,No failure
A,L,298.8,309.3,1357.0,,,No failure
A,M,298.5,308.0,1519.0,,,No failure
C,L,,,,41.3,134.0,No failure
A,H,300.2,309.9,1906.0,,,No failure
C,L,,,,28.9,100.0,No failure
B,M,,,2456.0,13.9,,No failure
C,H,,,,33.6,38.0,No failure
C,M,,,,31.2,173.0,No failure
C,L,,,,43.3,201.0,No failure
A,M,301.0,310.9,1510.0,,,No failure
C,H,,,,58.3,123.0,No failure
B,L,,,1361.0,56.9,,No failure
B,L,,,1392.0,41.5,,No failure
B,L,,,1401.0,59.0,,No failure
A,L,302.0,310.6,1358.0,,,No failure
C,L,,,,50.0,148.0,No failure
B,M,,,1850.0,27.7,,No failure
C,L,,,,39.9,207.0,No failure
B,L,,,1561.0,32.6,,No failure
C,M,,,,53.6,165.0,No failure
A,L,302.9,312.3,1578.0,,,No failure
A,L,300.9,310.8,1571.0,,,No failure
A,L,297.4,308.5,1295.0,,,No failure
A,L,303.7,312.4,1404.0,,,No failure
B,L,,,1431.0,43.0,,No failure
B,H,,,1530.0,38.3,,No failure
B,L,,,1436.0,45.1,,No failure
C,M,,,,38.2,198.0,Tool Wear Failure
A,L,300.5,309.5,1795.0,,,No failure
C,L,,,,56.6,76.0,No failure
A,L,302.0,310.9,1546.0,,,No failure
A,H,299.3,310.4,1548.0,,,No failure
A,L,298.6,309.2,1542.0,,,No failure
A,M,298.1,308.9,1353.0,,,No failure
B,M,,,1924.0,20.8,,No failure
B,L,,,1658.0,30.5,,No failure
C,L,,,,35.6,117.0,No failure
A,L,299.8,309.4,1460.0,,,No failure
C,H,,,,28.9,82.0,No failure
B,M,,,1726.0,27.3,,No failure
C,L,,,,38.5,127.0,No failure
B,L,,,1815.0,23.5,,No failure
B,L,,,1317.0,59.4,,No failure
B,L,,,1738.0,25.8,,No failure
A,L,301.3,311.3,1434.0,,,No failure
B,M,,,1681.0,31.0,,No failure
C,M,,,,40.7,158.0,No failure
B,H,,,1520.0,37.9,,No failure
C,L,,,,37.6,47.0,No failure
A,H,297.6,309.0,1885.0,,,No failure
A,M,298.0,308.7,2101.0,,,No failure
A,M,299.4,308.6,1455.0,,,No failure
B,L,,,1386.0,45.8,,No failure
A,L,303.8,313.0,1633.0,,,No failure
C,L,,,,33.1,56.0,No failure
A,M,298.9,309.2,1581.0,,,No failure
C,L,,,,34.7,39.0,No failure
B,M,,,1578.0,33.5,,No failure
C,L,,,,47.6,110.0,No failure
A,L,302.6,311.0,1520.0,,,No failure
B,L,,,1617.0,30.9,,No failure
C,M,,,,46.2,56.0,No failure
C,M,,,,31.7,117.0,No failure
A,L,301.4,310.7,1786.0,,,No failure
A,L,299.6,310.9,1853.0,,,No failure
C,L,,,,39.5,103.0,No failure
A,H,299.0,310.2,1637.0,,,No failure
C,L,,,,31.6,93.0,No failure
A,L,297.9,308.6,2262.0,,,No failure
A,L,303.0,311.2,1511.0,,,No failure
A,L,301.4,310.9,1440.0,,,No failure
C,L,,,,50.2,103.0,No failure
A,L,300.2,311.7,1640.0,,,No failure
C,H,,,,67.9,30.0,No failure
B,L,,,1688.0,27.2,,No failure
C,M,,,,49.5,165.0,No failure
A,L,302.6,312.3,1534.0,,,No failure
A,L,297.4,308.5,1643.0,,,No failure
C,L,,,,43.6,92.0,No failure
C,L,,,,31.1,113.0,No failure
B,L,,,1467.0,42.5,,No failure
A,L,302.3,311.2,1633.0,,,No failure
C,L,,,,33.8,63.0,No failure
B,L,,,1421.0,48.5,,No failure
A,L,300.6,310.6,1514.0,,,No failure
C,L,,,,39.0,202.0,No failure
C,L,,,,51.1,173.0,No failure
B,L,,,1966.0,22.6,,No failure
B,L,,,2579.0,12.5,,Power Failure
A,L,300.2,310.2,1530.0,,,No failure
C,L,,,,43.5,224.0,No failure
B,M,,,1547.0,38.0,,No failure
C,L,,,,30.7,203.0,No failure
A,L,299.1,310.5,1437.0,,,No failure
C,H,,,,40.3,0.0,No failure
C,L,,,,51.1,7.0,No failure
B,L,,,1624.0,29.8,,No failure
A,L,298.9,310.4,1831.0,,,No failure
C,M,,,,40.2,93.0,No failure
C,L,,,,43.2,139.0,No failure
A,L,302.4,311.4,1564.0,,,No failure
A,L,301.4,310.6,1445.0,,,No failure
C,L,,,,35.9,177.0,No failure
C,M,,,,41.8,112.0,No failure
B,L,,,1556.0,36.3,,No failure
C,L,,,,48.1,183.0,No failure
A,L,297.4,308.3,1284.0,,,No failure
C,L,,,,43.5,46.0,No failure
C,M,,,,43.2,206.0,No failure
B,M,,,1685.0,30.7,,No failure
A,L,301.9,311.0,1541.0,,,No failure
A,M,303.9,313.2,1570.0,,,No failure
A,M,300.2,309.4,1456.0,,,No failure
C,M,,,,43.5,194.0,No failure
C,M,,,,34.7,94.0,No failure
C,L,,,,18.0,61.0,No failure
A,L,301.1,311.6,1488.0,,,No failure
C,M,,,,38.9,209.0,No failure
A,L,298.0,308.8,1757.0,,,No failure
A,M,304.3,313.6,1585.0,,,No failure
B,L,,,1569.0,41.0,,No failure
A,H,302.2,311.3,1758.0,,,No failure
C,H,,,,47.6,98.0,No failure
C,L,,,,31.8,52.0,No failure
C,L,,,,28.4,118.0,No failure
C,M,,,,19.1,102.0,No failure
B,M,,,1498.0,38.1,,No failure
C,M,,,,17.8,129.0,No failure
A,L,298.3,307.9,1551.0,,,No failure
A,M,296.8,307.9,1843.0,,,No failure
B,H,,,1445.0,41.4,,No failure
A,M,298.0,307.7,1487.0,,,No failure
B,M,,,1512.0,43.2,,No failure
C,M,,,,57.5,12.0,No failure
A,M,297.3,308.7,1655.0,,,No failure
C,M,,,,36.2,167.0,No failure
A,L,298.7,310.1,1620.0,,,No failure
C,L,,,,22.3,96.0,No failure
C,L,,,,59.3,137.0,No failure
B,L,,,1367.0,57.2,,No failure
C,M,,,,50.4,32.0,No failure
C,M,,,,47.6,45.0,No failure
C,M,,,,47.0,23.0,No failure
B,L,,,1534.0,37.7,,No failure
C,L,,,,49.2,85.0,No failure
C,L,,,,53.6,66.0,No failure
A,M,302.1,310.7,1376.0,,,Heat Dissipation Failure
B,H,,,1877.0,24.8,,No failure
B,L,,,1501.0,35.0,,No failure
A,L,302.7,310.6,1686.0,,,No failure
C,L,,,,61.8,98.0,No failure
B,M,,,1541.0,36.9,,No failure
C,H,,,,34.2,109.0,No failure
C,M,,,,32.3,30.0,No failure
A,M,304.2,313.6,1512.0,,,No failure
A,M,298.7,309.6,1738.0,,,No failure
C,H,,,,44.1,104.0,No failure
B,L,,,1759.0,24.8,,No failure
C,L,,,,29.0,199.0,No failure
B,L,,,1726.0,28.4,,No failure
A,L,299.8,309.7,1431.0,,,No failure
B,L,,,1255.0,71.8,,Power Failure
C,L,,,,34.3,41.0,No failure
C,M,,,,35.2,53.0,No failure
C,M,,,,25.7,150.0,No failure
C,M,,,,39.3,146.0,No failure
C,M,,,,42.9,85.0,No failure
B,L,,,1411.0,56.3,,No failure
C,M,,,,44.5,49.0,No failure
C,L,,,,43.0,40.0,No failure
B,M,,,1471.0,52.3,,No failure
A,H,303.6,311.7,1476.0,,,No failure
A,M,298.1,307.7,1424.0,,,No failure
C,L,,,,33.6,70.0,No failure
A,M,298.3,309.5,1543.0,,,No failure
A,L,303.7,312.4,1513.0,,,No failure
C,M,,,,45.2,27.0,No failure
C,L,,,,32.6,155.0,No failure
A,H,300.4,309.8,1409.0,,,No failure
A,L,299.3,309.2,1511.0,,,No failure
C,L,,,,41.2,0.0,No failure
A,L,300.3,309.8,1466.0,,,No failure
C,L,,,,54.1,118.0,No failure
B,M,,,1398.0,47.2,,No failure
C,M,,,,52.2,157.0,No failure
B,H,,,1400.0,48.7,,No failure
C,L,,,,19.4,107.0,No failure
A,L,297.6,308.3,1816.0,,,No failure
B,L,,,1416.0,46.5,,No failure
B,L,,,1451.0,47.5,,No failure
B,M,,,1445.0,46.3,,No failure
C,M,,,,43.7,46.0,No failure
C,M,,,,42.6,80.0,No failure
A,M,299.3,308.5,1304.0,,,No failure
A,L,301.1,312.3,1464.0,,,No failure
A,M,298.4,309.4,1429.0,,,No failure
B,M,,,1378.0,46.9,,No failure
B,M,,,1416.0,50.9,,No failure
A,M,297.7,309.2,1732.0,,,No failure
B,M,,,1423.0,38.6,,No failure
A,L,303.4,312.8,1360.0,,,No failure
A,L,301.0,311.0,1581.0,,,No failure
A,M,301.3,310.8,1494.0,,,No failure
A,L,298.9,308.7,1558.0,,,No failure
C,M,,,,42.4,169.0,No failure
B,H,,,1447.0,51.4,,No failure
B,L,,,1486.0,40.4,,No failure
C,L,,,,43.8,176.0,No failure
B,M,,,1522.0,35.6,,No failure
A,M,297.3,308.1,1370.0,,,No failure
C,M,,,,18.0,16.0,No failure
C,M,,,,32.0,80.0,No failure
C,L,,,,27.5,26.0,No failure
A,L,302.2,311.6,1416.0,,,No failure
A,L,297.9,308.1,1585.0,,,No failure
B,H,,,1432.0,50.0,,No failure
C,M,,,,34.1,185.0,No failure
A,L,299.0,310.1,1470.0,,,No failure
C,M,,,,43.6,185.0,No failure
B,M,,,1633.0,31.3,,No failure
C,M,,,,34.8,72.0,No failure
A,M,301.4,310.9,1557.0,,,No failure
A,L,300.5,311.5,1490.0,,,No failure
C,M,,,,44.8,101.0,No failure
A,L,298.8,308.5,1736.0,,,No failure
B,M,,,1345.0,47.6,,No failure
C,L,,,,32.8,193.0,No failure
B,M,,,1577.0,29.8,,No failure
A,L,301.5,310.5,1611.0,,,No failure
A,L,299.8,310.8,1409.0,,,No failure
B,M,,,1792.0,26.0,,No failure
C,L,,,,57.4,139.0,No failure
A,L,299.1,310.4,1550.0,,,No failure
B,L,,,1532.0,36.0,,No failure
C,L,,,,36.0,59.0,No failure
B,M,,,1418.0,45.4,,No failure
B,M,,,1616.0,35.1,,No failure
C,L,,,,39.5,85.0,No failure
A,L,299.1,308.2,1409.0,,,No failure
B,H,,,1282.0,60.2,,No failure
B,H,,,1479.0,50.7,,No failure
C,L,,,,54.4,171.0,No failure
B,L,,,1528.0,36.1,,No failure
B,L,,,1446.0,43.7,,No failure
C,M,,,,28.6,98.0,No failure
A,H,302.5,311.9,1595.0,,,No failure
B,L,,,1771.0,27.2,,No failure
A,L,299.2,310.4,1570.0,,,No failure
A,L,300.9,310.3,1440.0,,,No failure
B,M,,,1481.0,41.5,,No failure
A,M,301.3,310.8,1509.0,,,No failure
C,M,,,,38.0,157.0,No failure
C,L,,,,43.9,0.0,No failure
A,M,303.1,311.3,1847.0,,,No failure
A,M,298.2,308.3,1476.0,,,No failure
C,L,,,,35.9,67.0,No failure
B,H,,,1375.0,46.8,,No failure
A,M,304.0,313.0,1575.0,,,No failure
B,L,,,1538.0,36.1,,No failure
B,L,,,1441.0,42.9,,No failure
B,M,,,1425.0,50.3,,No failure
B,L,,,2886.0,3.8,,Power Failure
C,L,,,,50.5,38.0,No failure
C,L,,,,38.6,126.0,No failure
B,L,,,1989.0,22.3,,No failure
B,L,,,1496.0,36.3,,No failure
A,L,299.1,308.3,1426.0,,,No failure
B,M,,,1488.0,41.8,,No failure
B,L,,,1452.0,42.3,,No failure
A,L,300.8,311.4,1536.0,,,No failure
C,L,,,,53.6,143.0,No failure
A,L,303.9,313.1,1440.0,,,No failure
C,M,,,,52.1,128.0,No failure
A,L,302.4,311.9,1578.0,,,No failure
B,M,,,1202.0,61.7,,No failure
C,M,,,,31.7,120.0,No failure
A,H,298.9,309.6,1600.0,,,No failure
B,L,,,1494.0,45.3,,No failure
A,M,297.3,308.2,1452.0,,,No failure
B,L,,,1318.0,59.1,,No failure
A,L,298.1,307.5,1391.0,,,No failure
A,M,298.8,309.3,1618.0,,,No failure
B,M,,,1802.0,27.5,,No failure
B,L,,,1627.0,36.6,,No failure
C,M,,,,37.8,150.0,No failure
A,M,302.2,310.1,1368.0,,,Heat Dissipation Failure
C,H,,,,28.0,170.0,No failure
C,L,,,,38.6,3.0,No failure
C,L,,,,37.1,35.0,No failure
A,M,296.8,307.8,1694.0,,,No failure
C,M,,,,42.1,190.0,No failure
B,M,,,1447.0,41.9,,No failure
A,L,300.3,309.2,1807.0,,,No failure
C,H,,,,42.1,62.0,No failure
C,M,,,,39.9,136.0,No failure
C,L,,,,38.8,165.0,No failure
C,M,,,,30.5,234.0,Tool Wear Failure
C,L,,,,32.5,124.0,No failure
C,H,,,,50.5,176.0,No failure
B,M,,,1446.0,53.0,,No failure
A,L,303.3,311.3,1409.0,,,No failure
C,L,,,,35.0,68.0,No failure
B,M,,,1340.0,59.4,,No failure
A,H,296.8,307.8,1627.0,,,No failure
A,M,300.9,309.4,1724.0,,,No failure
C,H,,,,36.6,43.0,No failure
C,L,,,,42.1,162.0,No failure
C,L,,,,43.9,45.0,No failure
A,L,302.0,310.9,1539.0,,,No failure
B,L,,,1569.0,36.2,,No failure
B,L,,,1461.0,44.2,,No failure
C,L,,,,27.5,145.0,No failure
A,L,302.6,311.5,1885.0,,,No failure
C,M,,,,35.9,151.0,No failure
A,M,297.3,308.4,1665.0,,,No failure
B,L,,,1398.0,51.5,,No failure
B,L,,,1732.0,29.9,,No failure
C,H,,,,47.5,130.0,No failure
A,L,300.6,311.9,1463.0,,,No failure
C,L,,,,36.6,28.0,No failure
C,L,,,,37.2,219.0,No failure
A,L,304.1,313.5,1469.0,,,No failure
C,M,,,,41.6,117.0,No failure
A,L,301.4,310.7,1616.0,,,No failure
C,L,,,,53.9,123.0,No failure
A,L,298.4,309.7,1530.0,,,No failure
A,M,299.0,310.3,1689.0,,,No failure
B,L,,,1462.0,49.7,,No failure
A,L,299.4,308.8,1627.0,,,No failure
C,H,,,,47.3,162.0,No failure
B,H,,,1489.0,43.0,,No failure
A,M,302.3,310.9,1360.0,,,Heat Dissipation Failure
B,M,,,1480.0,38.4,,No failure
B,L,,,1564.0,39.0,,No failure
A,H,298.4,309.3,1694.0,,,No failure
C,L,,,,40.0,195.0,No failure
A,M,301.0,309.6,1588.0,,,No failure
C,L,,,,37.1,30.0,No failure
B,M,,,1721.0,29.4,,No failure
A,L,302.1,311.3,1758.0,,,No failure
C,M,,,,46.4,132.0,Random Failures
C,M,,,,29.0,103.0,No failure
C,M,,,,28.4,79.0,No failure
B,L,,,1493.0,38.5,,No failure
A,M,298.3,308.9,1646.0,,,No failure
B,L,,,1465.0,40.2,,No failure
C,L,,,,30.9,9.0,No failure
B,L,,,1692.0,30.3,,No failure
B,M,,,1463.0,43.5,,No failure
C,L,,,,43.2,128.0,No failure
A,L,297.9,308.0,1296.0,,,No failure
C,L,,,,25.5,40.0,No failure
A,M,301.5,310.7,1416.0,,,No failure
B,M,,,1642.0,28.8,,No failure
A,L,300.9,312.4,1364.0,,,No failure
C,L,,,,59.1,115.0,No failure
A,L,298.2,309.3,1355.0,,,No failure
A,L,299.3,308.7,1484.0,,,No failure
B,H,,,1513.0,38.0,,No failure
A,M,298.6,309.7,1635.0,,,No failure
C,L,,,,57.4,119.0,No failure
A,L,298.5,309.6,1462.0,,,No failure
A,M,296.6,307.5,1734.0,,,No failure
B,L,,,1553.0,36.8,,No failure
B,L,,,1448.0,54.2,,No failure
B,L,,,1363.0,52.6,,No failure
A,L,302.0,311.0,1550.0,,,No failure
B,L,,,1910.0,23.0,,No failure
C,L,,,,35.2,115.0,No failure
B,H,,,1445.0,48.2,,No failure
B,L,,,1563.0,35.0,,No failure
C,M,,,,34.6,159.0,No failure
B,H,,,1593.0,33.3,,No failure
B,M,,,1521.0,38.2,,No failure
A,L,301.5,310.5,2289.0,,,No failure
B,L,,,1441.0,49.3,,No failure
A,L,300.8,311.7,1414.0,,,No failure
C,L,,,,41.6,16.0,No failure
C,M,,,,41.3,172.0,No failure
C,L,,,,44.7,46.0,No failure
A,L,300.6,309.6,1726.0,,,No failure
A,L,300.8,311.2,1430.0,,,No failure
A,L,301.1,310.5,1532.0,,,No failure
A,H,298.7,308.6,1499.0,,,No failure
B,H,,,1461.0,41.5,,No failure
A,L,298.8,308.6,1680.0,,,No failure
C,M,,,,18.9,232.0,Tool Wear Failure
C,L,,,,33.1,161.0,No failure
A,L,301.1,311.2,1910.0,,,No failure
B,L,,,1561.0,38.3,,No failure
A,M,297.0,308.1,1355.0,,,No failure
A,L,300.9,312.7,1416.0,,,No failure
A,M,299.9,309.2,1539.0,,,No failure
B,M,,,1572.0,38.5,,No failure
A,M,299.0,310.0,1338.0,,,No failure
C,H,,,,49.0,194.0,No failure
B,H,,,1612.0,31.7,,No failure
B,L,,,1498.0,37.6,,No failure
A,L,297.3,308.5,1514.0,,,No failure
A,H,297.9,307.7,1464.0,,,No failure
A,L,299.3,309.0,1422.0,,,No failure
C,L,,,,55.3,192.0,No failure
B,L,,,1408.0,47.5,,No failure
C,L,,,,33.3,213.0,No failure
C,L,,,,54.8,54.0,No failure
B,L,,,1414.0,36.3,,No failure
A,L,301.3,310.3,1400.0,,,No failure
B,H,,,1522.0,35.9,,No failure
B,M,,,1451.0,44.7,,No failure
A,L,297.5,308.6,1388.0,,,No failure
C,L,,,,54.2,228.0,Overstrain Failure
A,M,302.5,310.2,1751.0,,,No failure
C,L,,,,32.9,171.0,No failure
A,M,302.7,312.1,1564.0,,,No failure
A,M,300.9,311.0,1556.0,,,No failure
B,M,,,1567.0,34.3,,No failure
C,L,,,,48.1,12.0,No failure
A,L,298.9,310.0,1794.0,,,No failure
A,M,301.0,309.6,1397.0,,,No failure
B,M,,,1609.0,38.9,,No failure
C,H,,,,39.4,70.0,No failure
B,L,,,1279.0,53.1,,No failure
A,M,297.8,309.1,1432.0,,,No failure
C,M,,,,44.4,94.0,No failure
A,L,299.3,309.0,1511.0,,,No failure
C,M,,,,39.7,141.0,No failure
B,L,,,1610.0,32.4,,No failure
C,H,,,,43.0,202.0,No failure
A,L,300.9,310.5,1616.0,,,No failure
C,L,,,,41.7,132.0,No failure
A,L,300.3,311.5,1548.0,,,No failure
A,L,304.1,313.4,1399.0,,,No failure
C,L,,,,65.3,182.0,Overstrain Failure
A,M,300.2,309.7,1413.0,,,No failure
A,M,300.6,310.7,1654.0,,,No failure
C,L,,,,46.4,90.0,No failure
A,L,298.3,307.9,1703.0,,,No failure
C,M,,,,32.5,201.0,No failure
A,L,297.5,308.6,1546.0,,,No failure
A,L,297.4,308.3,1854.0,,,No failure
B,M,,,1446.0,47.3,,No failure
B,L,,,1311.0,53.2,,No failure
C,L,,,,30.9,61.0,No failure
C,L,,,,38.2,50.0,No failure
C,H,,,,41.4,58.0,No failure
B,M,,,1511.0,37.6,,No failure
C,H,,,,38.8,229.0,No failure
B,L,,,1918.0,21.8,,No failure
C,M,,,,43.5,106.0,No failure
B,L,,,1715.0,28.0,,No failure
C,L,,,,39.9,53.0,No failure
A,L,297.6,308.6,1415.0,,,No failure
B,L,,,1571.0,40.6,,No failure
A,L,297.7,307.5,1379.0,,,No failure
C,L,,,,31.4,43.0,No failure
A,L,300.1,309.2,1599.0,,,No failure
A,L,298.7,309.9,1541.0,,,No failure
B,L,,,1799.0,24.2,,No failure
C,L,,,,36.0,148.0,No failure
C,M,,,,40.1,166.0,No failure
C,M,,,,51.7,88.0,No failure
C,L,,,,47.3,118.0,No failure
C,L,,,,34.4,193.0,No failure
C,L,,,,45.7,99.0,No failure
A,L,300.6,309.4,2496.0,,,No failure
B,M,,,1510.0,40.9,,No failure
C,L,,,,40.9,107.0,No failure
B,M,,,1485.0,42.0,,No failure
B,L,,,1546.0,39.4,,No failure
A,L,298.9,310.1,1571.0,,,No failure
B,L,,,1486.0,42.6,,No failure
C,L,,,,38.6,59.0,No failure
C,M,,,,51.3,43.0,No failure
C,L,,,,45.4,4.0,No failure
C,L,,,,39.9,91.0,No failure
B,M,,,1514.0,38.8,,No failure
B,H,,,1735.0,27.2,,No failure
A,L,298.2,307.8,1429.0,,,No failure
C,M,,,,33.4,62.0,No failure
C,M,,,,35.9,180.0,No failure
A,H,300.9,310.7,1609.0,,,No failure
A,M,297.5,309.4,1391.0,,,No failure
B,L,,,1467.0,39.3,,No failure
C,L,,,,33.9,208.0,No failure
A,L,300.6,311.8,1501.0,,,No failure
A,H,300.4,310.2,1431.0,,,No failure
C,L,,,,36.5,52.0,Random Failures
B,L,,,1321.0,48.8,,No failure
C,L,,,,35.9,16.0,No failure
A,L,303.4,311.9,1531.0,,,No failure
C,L,,,,52.7,154.0,No failure
C,L,,,,46.9,165.0,No failure
B,M,,,1421.0,41.3,,No failure
A,M,296.9,307.9,1441.0,,,No failure
A,M,298.2,307.9,1462.0,,,No failure
C,L,,,,37.9,98.0,No failure
B,M,,,1555.0,37.0,,No failure
B,M,,,1444.0,42.0,,No failure
A,M,300.7,309.5,1393.0,,,No failure
C,L,,,,33.6,38.0,No failure
B,L,,,1461.0,40.6,,No failure
C,M,,,,38.7,66.0,No failure
B,L,,,1384.0,48.2,,No failure
C,H,,,,53.5,88.0,No failure
B,L,,,1498.0,44.0,,No failure
C,L,,,,29.9,177.0,No failure
A,L,297.3,308.3,2188.0,,,No failure
B,L,,,1564.0,36.8,,No failure
A,L,297.8,308.8,1579.0,,,No failure
A,H,302.3,310.2,1506.0,,,No failure
B,L,,,1355.0,50.6,,No failure
A,M,298.5,308.0,1363.0,,,No failure
A,L,303.4,311.5,1501.0,,,No failure
A,L,298.9,308.4,1301.0,,,No failure
C,L,,,,26.9,116.0,No failure
C,M,,,,36.7,164.0,No failure
C,L,,,,30.9,106.0,No failure
B,M,,,1491.0,41.8,,No failure
A,L,301.2,309.9,1382.0,,,No failure
C,M,,,,47.4,57.0,No failure
A,L,297.3,308.7,1587.0,,,No failure
A,M,298.1,308.3,1680.0,,,No failure
C,M,,,,38.2,200.0,No failure
B,H,,,1377.0,56.7,,No failure
B,M,,,1467.0,37.7,,No failure
C,L,,,,27.3,27.0,No failure
C,H,,,,51.7,197.0,No failure
B,L,,,1585.0,34.6,,No failure
A,L,296.6,307.6,1459.0,,,No failure
A,M,301.0,312.0,1499.0,,,No failure
B,M,,,1376.0,59.9,,No failure
B,L,,,2825.0,5.8,,Power Failure
C,L,,,,32.4,81.0,No failure
B,M,,,1441.0,48.2,,No failure
A,H,298.0,308.0,1520.0,,,No failure
A,L,300.6,309.7,1617.0,,,No failure
C,M,,,,25.4,147.0,No failure
B,L,,,1648.0,30.8,,No failure
A,L,304.0,313.2,1632.0,,,No failure
A,L,300.7,311.1,1426.0,,,No failure
C,L,,,,37.3,160.0,No failure
B,L,,,1626.0,31.3,,No failure
B,L,,,1412.0,50.7,,No failure
C,L,,,,35.6,153.0,No failure
A,L,301.2,310.8,1479.0,,,No failure
B,L,,,1507.0,39.2,,No failure
C,L,,,,46.6,185.0,No failure
A,L,298.0,307.7,1422.0,,,No failure
B,H,,,1474.0,35.7,,No failure
A,L,298.4,309.4,1540.0,,,No failure
B,L,,,1383.0,51.4,,No failure
A,L,298.1,308.7,1341.0,,,No failure
B,L,,,1643.0,32.3,,No failure
B,L,,,1564.0,34.1,,No failure
A,M,300.7,310.6,1505.0,,,No failure
C,M,,,,36.7,191.0,No failure
C,H,,,,46.7,210.0,Tool Wear Failure
B,H,,,1458.0,44.3,,No failure
B,L,,,1850.0,27.0,,No failure
B,L,,,1424.0,43.3,,No failure
A,L,297.4,309.0,1324.0,,,No failure
A,M,297.7,309.7,1680.0,,,No failure
C,L,,,,46.5,172.0,No failure
B,M,,,1293.0,52.3,,No failure
C,L,,,,25.6,200.0,Tool Wear Failure
C,L,,,,37.9,10.0,No failure
C,M,,,,36.0,59.0,No failure
B,H,,,1408.0,39.8,,No failure
A,L,302.7,312.4,1444.0,,,No failure
B,L,,,1465.0,41.6,,No failure
C,L,,,,25.6,105.0,No failure
A,M,304.2,313.4,1713.0,,,No failure
B,M,,,1387.0,48.3,,No failure
B,M,,,1725.0,26.6,,No failure
B,L,,,1493.0,38.7,,No failure
B,L,,,1387.0,48.7,,No failure
A,L,299.7,309.2,1616.0,,,No failure
A,L,300.0,310.5,1412.0,,,No failure
C,L,,,,43.7,13.0,No failure
A,L,298.9,310.1,1602.0,,,No failure
C,M,,,,39.9,63.0,No failure
A,L,298.5,309.6,1861.0,,,No failure
B,M,,,1342.0,48.1,,No failure
C,L,,,,33.5,109.0,No failure
C,L,,,,42.2,196.0,No failure
C,M,,,,40.9,106.0,No failure
C,M,,,,38.1,45.0,No failure
A,L,298.1,308.2,1390.0,,,No failure
C,L,,,,55.5,35.0,No failure
B,L,,,1460.0,46.7,,No failure
A,L,296.8,307.9,1420.0,,,No failure
B,L,,,1457.0,37.4,,No failure
A,L,297.4,308.4,1474.0,,,No failure
A,L,300.3,311.3,1505.0,,,No failure
A,M,299.3,308.5,1422.0,,,No failure
B,M,,,1780.0,26.5,,No failure
B,M,,,2448.0,13.8,,No failure
C,L,,,,31.2,123.0,No failure
B,L,,,1372.0,48.0,,No failure
C,L,,,,31.9,205.0,No failure
A,H,298.5,309.1,2051.0,,,No failure
A,L,302.4,311.3,1392.0,,,No failure
A,L,300.1,309.3,1654.0,,,No failure
B,L,,,1576.0,30.4,,No failure
A,L,298.4,309.3,1542.0,,,No failure
B,L,,,1483.0,44.4,,No failure
A,L,297.2,308.6,1578.0,,,No failure
B,M,,,1526.0,37.7,,No failure
B,H,,,1637.0,34.5,,No failure
B,L,,,1695.0,25.6,,No failure
C,H,,,,49.4,150.0,No failure
A,L,303.8,313.1,1394.0,,,No failure
A,L,300.6,310.8,1378.0,,,No failure
C,L,,,,41.1,171.0,No failure
A,M,298.0,308.7,1377.0,,,No failure
C,L,,,,45.2,173.0,No failure
A,M,297.9,308.8,1469.0,,,No failure
A,L,298.4,309.9,1725.0,,,No failure
B,M,,,1530.0,39.1,,No failure
A,M,297.3,308.6,1456.0,,,No failure
C,M,,,,43.4,105.0,No failure
B,H,,,1416.0,39.2,,No failure
B,L,,,1462.0,43.4,,No failure
C,L,,,,35.1,131.0,No failure
B,M,,,1533.0,38.1,,No failure
A,L,302.5,311.2,1227.0,,,No failure
A,H,298.0,309.4,1562.0,,,No failure
A,L,302.3,311.1,1546.0,,,No failure
A,L,301.5,311.1,2055.0,,,No failure
A,L,300.4,309.8,1314.0,,,No failure
C,M,,,,31.6,79.0,No failure
A,L,298.8,308.6,1631.0,,,No failure
B,H,,,1535.0,33.3,,No failure
B,M,,,1657.0,29.9,,No failure
B,M,,,1655.0,32.1,,No failure
B,L,,,1397.0,46.9,,No failure
A,M,303.5,311.6,1573.0,,,No failure
A,L,298.9,309.8,1390.0,,,No failure
C,L,,,,39.2,144.0,No failure
C,L,,,,37.2,48.0,No failure
A,L,300.4,311.5,1704.0,,,No failure
C,L,,,,39.7,181.0,No failure
B,L,,,1486.0,42.4,,No failure
A,M,297.4,309.0,1520.0,,,No failure
B,L,,,1375.0,56.9,,No failure
C,L,,,,48.9,238.0,Overstrain Failure
C,M,,,,35.9,121.0,No failure
B,M,,,1419.0,41.7,,No failure
A,L,298.9,308.7,1727.0,,,No failure
B,L,,,1407.0,41.2,,No failure
A,L,301.2,309.9,1515.0,,,No failure
C,M,,,,30.0,110.0,No failure
C,L,,,,40.3,148.0,No failure
A,L,301.1,310.5,1529.0,,,No failure
C,L,,,,28.0,116.0,No failure
A,L,301.1,309.6,1501.0,,,No failure
A,L,298.6,309.4,1440.0,,,No failure
B,L,,,1586.0,33.4,,No failure
B,L,,,1507.0,42.4,,No failure
A,L,300.0,310.5,1517.0,,,No failure
A,L,302.3,311.0,1329.0,,,No failure
A,L,302.5,311.5,1985.0,,,No failure
B,M,,,1556.0,37.7,,No failure
C,L,,,,51.4,199.0,No failure
C,M,,,,45.8,148.0,No failure
A,M,300.1,309.7,1348.0,,,No failure
C,L,,,,36.7,77.0,No failure
B,L,,,1472.0,45.5,,No failure
C,M,,,,35.0,208.0,No failure
A,L,302.5,310.4,1967.0,,,No failure
C,H,,,,32.6,90.0,No failure
A,L,296.4,307.2,1748.0,,,No failure
C,L,,,,21.3,67.0,No failure
C,M,,,,37.5,203.0,Tool Wear Failure
A,L,300.4,311.0,1802.0,,,No failure
B,H,,,1527.0,35.1,,No failure
B,M,,,1442.0,41.1,,No failure
B,L,,,1426.0,47.9,,No failure
C,M,,,,49.3,215.0,No failure
B,H,,,1991.0,19.0,,No failure
A,M,296.3,307.4,1335.0,,,No failure
A,M,295.5,305.9,1380.0,,,No failure
C,H,,,,37.5,161.0,No failure
C,H,,,,54.6,120.0,No failure
B,M,,,1476.0,36.5,,No failure
A,M,298.2,309.4,1693.0,,,No failure
B,L,,,1695.0,26.7,,No failure
A,M,299.6,310.1,1455.0,,,No failure
B,L,,,1476.0,45.2,,No failure
A,M,300.6,309.6,1588.0,,,No failure
C,L,,,,27.1,175.0,No failure
C,L,,,,41.4,135.0,No failure
C,M,,,,48.5,19.0,No failure
A,L,301.5,310.9,1891.0,,,No failure
B,M,,,1794.0,27.5,,No failure
B,M,,,1516.0,33.7,,No failure
B,L,,,1309.0,57.3,,No failure
C,L,,,,23.4,188.0,No failure
C,M,,,,56.2,122.0,No failure
B,M,,,1602.0,33.7,,No failure
A,L,301.7,311.0,1700.0,,,No failure
A,L,299.1,308.3,1892.0,,,No failure
A,L,302.3,311.2,1401.0,,,No failure
C,L,,,,20.2,114.0,No failure
B,L,,,1487.0,46.0,,No failure
B,L,,,1364.0,45.9,,No failure
C,L,,,,28.7,124.0,No failure
A,L,300.7,311.1,1324.0,,,No failure
A,M,302.2,311.4,1538.0,,,No failure
A,L,296.7,307.8,1453.0,,,No failure
C,L,,,,35.8,14.0,No failure
C,L,,,,49.7,5.0,No failure
B,L,,,1362.0,51.9,,No failure
B,L,,,1479.0,45.7,,No failure
A,M,300.3,311.9,1677.0,,,No failure
B,M,,,1326.0,54.4,,No failure
A,L,298.9,310.0,1470.0,,,No failure
A,L,301.4,310.6,2137.0,,,No failure
A,M,302.5,311.9,1347.0,,,No failure
B,M,,,1544.0,38.8,,No failure
B,L,,,1496.0,39.0,,No failure
C,L,,,,48.2,204.0,No failure
C,M,,,,60.0,186.0,No failure
B,L,,,1446.0,49.9,,No failure
B,L,,,1455.0,48.0,,No failure
A,L,297.8,307.4,1355.0,,,No failure
B,L,,,1572.0,35.9,,No failure
C,L,,,,29.9,201.0,No failure
C,M,,,,33.3,71.0,No failure
C,L,,,,30.8,12.0,No failure
A,M,299.7,311.0,1435.0,,,No failure
B,L,,,1806.0,24.4,,No failure
A,M,295.5,305.9,1453.0,,,No failure
A,L,300.3,311.7,1682.0,,,No failure
C,L,,,,54.6,131.0,No failure
B,L,,,1456.0,45.5,,No failure
A,L,297.9,307.6,1344.0,,,No failure
B,L,,,1588.0,33.7,,No failure
B,M,,,1435.0,40.9,,No failure
A,M,298.2,308.0,1411.0,,,No failure
B,L,,,1563.0,36.2,,No failure
C,L,,,,47.3,86.0,No failure
A,M,299.6,308.9,1568.0,,,No failure
A,M,297.6,309.6,1530.0,,,No failure
C,L,,,,49.1,226.0,Overstrain Failure
B,L,,,1495.0,43.1,,No failure
A,L,302.5,312.0,1574.0,,,No failure
B,L,,,1395.0,43.7,,No failure
C,L,,,,20.4,164.0,No failure
B,L,,,1471.0,44.7,,No failure
A,L,300.1,309.1,1400.0,,,No failure
C,L,,,,31.6,19.0,No failure
C,L,,,,40.3,141.0,No failure
B,L,,,1281.0,57.0,,No failure
C,L,,,,64.7,57.0,No failure
A,H,302.0,309.8,1280.0,,,Heat Dissipation Failure
C,M,,,,31.9,155.0,No failure
C,M,,,,38.2,160.0,No failure
C,L,,,,23.9,131.0,No failure
B,L,,,1540.0,34.8,,No failure
B,H,,,1597.0,36.3,,No failure
A,L,297.7,308.7,1829.0,,,No failure
B,L,,,1700.0,28.8,,No failure
B,L,,,1371.0,51.3,,No failure
B,L,,,1584.0,35.2,,No failure
B,M,,,1422.0,47.0,,No failure
C,L,,,,27.2,193.0,No failure
B,L,,,1541.0,42.2,,No failure
B,M,,,1486.0,41.9,,No failure
B,L,,,1980.0,20.2,,No failure
A,H,300.7,309.6,1403.0,,,No failure
A,H,299.7,309.2,1691.0,,,No failure
A,M,297.7,309.2,1700.0,,,No failure
A,L,299.2,310.2,1609.0,,,No failure
A,L,300.7,309.6,1329.0,,,No failure
A,M,301.0,311.2,1521.0,,,No failure
B,M,,,1674.0,29.5,,No failure
C,L,,,,40.7,124.0,No failure
A,H,302.1,311.6,1701.0,,,No failure
B,H,,,2563.0,12.8,,Power Failure
C,L,,,,30.9,156.0,No failure
C,M,,,,42.4,38.0,No failure
B,L,,,1869.0,25.4,,No failure
C,L,,,,42.5,146.0,No failure
B,M,,,1611.0,29.0,,No failure
A,L,297.1,308.3,1496.0,,,No failure
A,M,299.5,309.0,1602.0,,,No failure
C,L,,,,54.8,49.0,No failure
B,M,,,1484.0,39.5,,No failure
A,M,301.2,312.4,1428.0,,,No failure
A,L,297.4,309.2,1620.0,,,No failure
C,L,,,,52.5,107.0,No failure
C,L,,,,28.3,103.0,No failure
A,L,301.0,311.2,1363.0,,,No failure
B,H,,,1427.0,44.6,,No failure
B,L,,,1758.0,25.7,,No failure
C,L,,,,49.7,155.0,No failure
C,L,,,,21.9,195.0,No failure
A,L,295.7,306.3,1490.0,,,No failure
C,H,,,,37.5,39.0,No failure
C,L,,,,48.6,27.0,No failure
C,M,,,,31.6,41.0,No failure
B,L,,,1449.0,48.8,,No failure
C,H,,,,37.8,132.0,No failure
B,L,,,1586.0,35.5,,No failure
A,M,301.1,311.3,1909.0,,,No failure
A,M,300.7,310.8,1486.0,,,No failure
A,L,297.6,309.0,1822.0,,,No failure
B,L,,,1508.0,36.9,,No failure
A,L,296.2,306.8,1655.0,,,No failure
B,L,,,1463.0,40.0,,No failure
B,L,,,1529.0,41.6,,No failure
B,M,,,1406.0,50.2,,No failure
B,M,,,1485.0,40.5,,No failure
C,M,,,,35.8,156.0,No failure
A,M,299.9,311.3,1445.0,,,No failure
C,L,,,,45.6,3.0,No failure
A,M,298.5,309.3,1498.0,,,No failure
A,L,302.4,310.2,1331.0,,,Heat Dissipation Failure
C,L,,,,41.8,205.0,No failure
C,M,,,,42.1,105.0,No failure
B,L,,,1465.0,48.7,,No failure
A,M,300.6,310.7,1705.0,,,No failure
C,L,,,,26.3,125.0,No failure
A,L,299.1,308.3,1559.0,,,No failure
A,M,297.4,308.6,1434.0,,,No failure
C,L,,,,44.3,201.0,No failure
C,H,,,,19.8,198.0,No failure
B,L,,,1488.0,48.4,,No failure
B,L,,,1429.0,42.6,,No failure
B,L,,,1653.0,31.6,,No failure
C,L,,,,51.7,192.0,No failure
C,M,,,,30.4,218.0,Tool Wear Failure
A,M,300.1,311.4,1575.0,,,No failure
B,H,,,1790.0,30.3,,No failure
C,L,,,,60.1,128.0,No failure
C,L,,,,56.0,146.0,No failure
A,M,299.7,310.6,1572.0,,,No failure
C,H,,,,40.6,28.0,No failure
B,L,,,1444.0,43.6,,No failure
C,L,,,,28.1,167.0,No failure
C,H,,,,44.9,221.0,No failure
C,M,,,,61.7,134.0,No failure
C,L,,,,36.2,10.0,No failure
A,H,304.2,313.5,1627.0,,,No failure
A,L,300.1,309.7,1680.0,,,No failure
A,L,300.7,310.4,1366.0,,,No failure
B,M,,,2709.0,9.7,,Power Failure
A,L,298.2,308.3,1304.0,,,No failure
B,L,,,1379.0,54.8,,No failure
A,H,304.1,313.3,1397.0,,,No failure
B,L,,,1348.0,51.0,,No failure
C,M,,,,29.3,167.0,No failure
A,M,299.7,309.2,1597.0,,,No failure
C,M,,,,41.6,155.0,No failure
B,M,,,1370.0,53.4,,No failure
A,L,298.8,310.0,1403.0,,,No failure
A,M,300.4,309.3,1411.0,,,No failure
B,L,,,1484.0,53.2,,No failure
C,L,,,,37.5,5.0,No failure
C,L,,,,53.2,43.0,No failure
B,L,,,1456.0,45.5,,No failure
B,L,,,1352.0,52.1,,No failure
B,M,,,1609.0,31.4,,No failure
B,M,,,1380.0,47.3,,No failure
A,M,302.4,310.3,1378.0,,,Heat Dissipation Failure
B,H,,,1324.0,53.5,,No failure
B,H,,,1821.0,26.2,,No failure
C,L,,,,31.9,131.0,No failure
B,L,,,1590.0,39.9,,No failure
B,L,,,1476.0,43.6,,No failure
B,L,,,1528.0,36.7,,No failure
A,M,298.8,310.1,1501.0,,,No failure
C,L,,,,26.8,27.0,No failure
C,M,,,,32.3,0.0,No failure
C,M,,,,37.9,98.0,No failure
C,L,,,,32.4,161.0,No failure
C,L,,,,50.8,57.0,No failure
A,L,297.4,308.8,1353.0,,,No failure
C,L,,,,28.3,88.0,No failure
A,L,300.8,310.2,1492.0,,,No failure
C,M,,,,36.1,109.0,No failure
A,M,297.8,307.9,1802.0,,,No failure
C,L,,,,43.4,65.0,No failure
C,L,,,,44.1,136.0,No failure
C,L,,,,37.6,132.0,No failure
A,L,303.0,312.6,1451.0,,,No failure
C,L,,,,41.0,51.0,No failure
A,H,299.2,310.7,1636.0,,,No failure
C,L,,,,36.6,227.0,No failure
C,L,,,,45.5,16.0,No failure
B,L,,,1532.0,39.8,,No failure
A,L,302.3,310.9,1587.0,,,No failure
B,L,,,1517.0,42.4,,No failure
C,L,,,,24.3,40.0,No failure
C,L,,,,40.7,24.0,No failure
C,L,,,,30.5,159.0,No failure
A,M,303.7,312.8,1685.0,,,No failure
B,L,,,1415.0,43.4,,No failure
B,H,,,1654.0,31.4,,No failure
A,L,299.9,309.5,2008.0,,,No failure
C,M,,,,60.3,207.0,Overstrain Failure
C,H,,,,29.8,0.0,No failure
B,L,,,1573.0,36.4,,No failure
A,M,297.4,308.0,1601.0,,,No failure
C,L,,,,45.2,8.0,No failure
A,L,300.3,311.6,1709.0,,,No failure
B,M,,,1412.0,45.3,,No failure
B,L,,,1385.0,50.7,,No failure
A,L,303.9,313.0,1403.0,,,No failure
B,M,,,1565.0,36.0,,No failure
C,L,,,,22.7,48.0,No failure
B,L,,,1362.0,45.4,,No failure
C,L,,,,41.9,126.0,No failure
A,H,301.3,310.6,1527.0,,,No failure
A,L,298.9,310.1,1356.0,,,No failure
C,L,,,,22.8,118.0,No failure
A,L,297.6,309.4,1491.0,,,No failure
C,L,,,,29.1,195.0,No failure
C,L,,,,55.5,159.0,No failure
C,M,,,,49.8,167.0,No failure
A,L,297.4,309.0,1570.0,,,No failure
C,M,,,,28.4,200.0,No failure
C,L,,,,42.4,163.0,No failure
B,M,,,1438.0,42.3,,No failure
B,M,,,1521.0,37.2,,No failure
A,L,300.4,311.4,1728.0,,,No failure
A,H,303.4,311.9,1534.0,,,No failure
B,L,,,1515.0,39.2,,No failure
B,L,,,1399.0,47.6,,No failure
B,H,,,1438.0,51.0,,No failure
C,L,,,,21.9,5.0,No failure
C,H,,,,51.9,77.0,No failure
C,L,,,,39.6,144.0,No failure
B,L,,,1847.0,23.6,,No failure
B,H,,,1582.0,33.4,,No failure
A,L,302.1,311.5,1444.0,,,No failure
B,L,,,1706.0,27.9,,No failure
C,L,,,,61.5,56.0,No failure
A,L,302.2,311.2,1928.0,,,No failure
B,L,,,1405.0,51.4,,No failure
A,M,303.9,313.3,1567.0,,,No failure
A,L,299.3,309.1,1473.0,,,No failure
C,L,,,,58.7,26.0,No failure
A,H,298.8,309.7,1461.0,,,No failure
B,L,,,1775.0,26.6,,No failure
C,M,,,,31.3,121.0,No failure
A,M,301.4,310.7,1470.0,,,No failure
A,M,302.2,311.7,1393.0,,,No failure
A,L,298.4,309.6,1655.0,,,No failure
C,L,,,,54.9,72.0,No failure
A,L,299.8,310.0,1697.0,,,No failure
A,L,302.4,311.0,1462.0,,,No failure
C,L,,,,35.2,60.0,No failure
B,L,,,1481.0,42.6,,No failure
A,M,301.5,310.8,1385.0,,,No failure
C,L,,,,32.9,151.0,No failure
A,M,298.6,309.6,1525.0,,,No failure
B,H,,,1413.0,41.8,,No failure
A,H,303.6,312.6,1436.0,,,No failure
B,L,,,1406.0,52.1,,No failure
B,L,,,1612.0,32.1,,No failure
C,M,,,,33.7,199.0,No failure
B,M,,,1686.0,29.3,,No failure
B,L,,,1335.0,51.1,,No failure
B,L,,,1690.0,30.6,,No failure
A,L,297.9,309.0,1562.0,,,No failure
B,M,,,1574.0,34.8,,No failure
A,M,297.2,307.9,1747.0,,,No failure
C,L,,,,33.3,123.0,No failure
A,M,302.2,311.0,1476.0,,,No failure
A,L,300.5,311.4,1642.0,,,No failure
B,L,,,1412.0,51.6,,No failure
C,L,,,,48.1,26.0,No failure
C,L,,,,47.7,179.0,No failure
A,M,300.7,310.6,1488.0,,,No failure
C,M,,,,47.6,76.0,No failure
C,L,,,,30.3,112.0,No failure
A,L,303.4,311.7,1476.0,,,No failure
B,M,,,1428.0,39.9,,No failure
A,L,296.9,307.9,1435.0,,,No failure
A,L,297.7,308.7,1249.0,,,No failure
B,L,,,1651.0,32.5,,No failure
C,L,,,,34.3,74.0,No failure
C,L,,,,57.3,28.0,No failure
C,L,,,,43.6,154.0,No failure
B,L,,,1292.0,51.1,,No failure
B,M,,,1432.0,44.2,,No failure
A,L,300.6,311.7,1507.0,,,No failure
B,L,,,1492.0,40.5,,No failure
A,M,302.5,311.8,1566.0,,,No failure
C,L,,,,47.4,187.0,No failure
B,H,,,1732.0,29.7,,No failure
C,M,,,,67.3,159.0,No failure
B,L,,,1858.0,25.4,,No failure
B,M,,,1437.0,53.9,,No failure
B,H,,,1459.0,49.7,,No failure
B,L,,,1351.0,48.6,,No failure
A,H,301.4,310.7,1329.0,,,No failure
A,L,298.1,308.5,1498.0,,,No failure
A,L,300.6,310.0,1438.0,,,No failure
C,L,,,,50.9,183.0,No failure
B,M,,,1367.0,51.2,,No failure
A,M,300.6,311.4,1468.0,,,No failure
C,L,,,,47.0,59.0,No failure
B,L,,,1325.0,62.0,,No failure
B,L,,,1611.0,31.4,,No failure
C,L,,,,41.2,155.0,No failure
C,L,,,,27.7,50.0,No failure
B,L,,,2211.0,15.4,,No failure
A,M,298.6,309.6,1397.0,,,No failure
A,H,299.2,308.4,1388.0,,,No failure
A,H,301.7,311.0,2016.0,,,No failure
B,M,,,1564.0,35.0,,No failure
C,H,,,,43.8,218.0,No failure
B,M,,,1419.0,42.5,,No failure
A,L,299.0,310.2,1533.0,,,No failure
B,L,,,1772.0,27.1,,No failure
A,L,296.2,307.1,1413.0,,,No failure
A,L,298.8,309.6,1903.0,,,No failure
A,L,297.3,308.3,1333.0,,,No failure
C,M,,,,44.1,112.0,No failure
B,M,,,1459.0,43.9,,No failure
C,L,,,,47.9,201.0,No failure
B,L,,,1977.0,20.0,,No failure
A,M,303.3,311.8,1548.0,,,No failure
A,L,300.3,309.2,1412.0,,,No failure
B,L,,,1742.0,27.7,,No failure
B,L,,,1369.0,53.0,,No failure
B,L,,,1467.0,41.8,,No failure
A,L,300.1,309.7,1362.0,,,No failure
A,L,303.6,311.8,1567.0,,,No failure
A,L,301.7,310.9,1557.0,,,No failure
B,M,,,1364.0,55.6,,No failure
A,H,297.9,307.8,1635.0,,,No failure
C,M,,,,29.0,178.0,No failure
B,L,,,1434.0,51.9,,No failure
A,M,301.6,310.8,1290.0,,,No failure
C,L,,,,33.9,85.0,No failure
B,L,,,1578.0,37.8,,No failure
C,M,,,,23.5,59.0,No failure
C,L,,,,48.7,160.0,No failure
A,H,300.4,309.6,1416.0,,,No failure
B,M,,,1578.0,30.5,,No failure
C,M,,,,42.9,124.0,No failure
B,M,,,1525.0,37.8,,No failure
C,L,,,,50.5,35.0,No failure
B,H,,,1377.0,52.1,,No failure
C,L,,,,61.4,125.0,No failure
C,L,,,,33.1,68.0,No failure
C,L,,,,37.9,42.0,No failure
C,M,,,,48.5,138.0,No failure
B,L,,,1318.0,52.7,,No failure
A,M,298.2,308.8,1645.0,,,No failure
C,M,,,,48.3,110.0,No failure
B,M,,,1420.0,63.9,,Power Failure
B,L,,,1513.0,33.6,,No failure
B,M,,,1469.0,48.8,,No failure
C,L,,,,30.4,92.0,No failure
A,L,298.7,309.2,1586.0,,,No failure
B,L,,,1504.0,36.3,,No failure
C,M,,,,30.8,37.0,No failure
C,L,,,,42.5,61.0,No failure
C,M,,,,23.0,103.0,No failure
B,L,,,1523.0,37.7,,No failure
A,H,298.7,309.2,1449.0,,,No failure
B,L,,,2052.0,18.9,,No failure
B,M,,,2089.0,19.1,,No failure
C,L,,,,38.9,214.0,Tool Wear Failure
C,L,,,,60.7,191.0,Overstrain Failure
A,L,300.3,311.8,1746.0,,,No failure
C,M,,,,37.1,70.0,No failure
C,L,,,,41.1,152.0,No failure
A,L,298.9,308.9,1422.0,,,No failure
A,L,298.3,308.9,1695.0,,,No failure
B,L,,,1429.0,49.4,,No failure
B,L,,,1654.0,34.2,,No failure
A,L,303.0,311.2,1409.0,,,No failure
A,L,297.4,308.2,1419.0,,,No failure
B,H,,,1744.0,30.3,,No failure
A,L,298.9,310.3,1456.0,,,No failure
B,M,,,1678.0,29.8,,No failure
A,L,300.0,309.6,1431.0,,,No failure
C,L,,,,43.9,142.0,No failure
B,L,,,1546.0,43.4,,No failure
A,L,300.7,312.0,1401.0,,,No failure
B,M,,,1612.0,33.1,,No failure
A,L,302.3,311.0,1591.0,,,No failure
A,L,303.0,311.3,1365.0,,,Heat Dissipation Failure
B,L,,,1646.0,35.0,,No failure
B,M,,,1518.0,38.7,,No failure
A,L,300.2,311.5,1549.0,,,No failure
A,L,298.3,308.1,1672.0,,,No failure
A,M,300.5,309.3,1881.0,,,No failure
B,L,,,1573.0,35.1,,No failure
C,M,,,,34.0,6.0,No failure
C,L,,,,22.3,223.0,No failure
A,L,300.5,309.8,1663.0,,,No failure
B,L,,,1545.0,40.1,,No failure
C,L,,,,41.6,81.0,No failure
A,M,297.3,308.3,1501.0,,,No failure
A,M,300.9,312.0,1375.0,,,No failure
A,H,298.8,309.8,1510.0,,,No failure
A,L,296.8,307.9,1706.0,,,No failure
C,L,,,,34.2,114.0,No failure
B,M,,,1602.0,33.4,,No failure
C,L,,,,27.1,104.0,No failure
C,L,,,,46.1,79.0,No failure
C,L,,,,51.1,41.0,No failure
C,M,,,,59.1,201.0,No failure
B,L,,,1351.0,51.0,,No failure
C,L,,,,61.0,189.0,Overstrain Failure
A,L,300.0,311.3,1407.0,,,No failure
A,L,303.7,312.7,1989.0,,,No failure
C,L,,,,63.8,100.0,No failure
C,L,,,,47.4,77.0,No failure
C,M,,,,36.5,4.0,No failure
C,H,,,,16.5,43.0,No failure
C,M,,,,43.8,54.0,No failure
C,L,,,,36.9,35.0,No failure
C,M,,,,29.5,162.0,No failure
A,M,302.3,311.7,1517.0,,,No failure
C,L,,,,35.8,140.0,No failure
C,L,,,,43.1,43.0,No failure
A,L,301.7,310.6,1486.0,,,No failure
B,M,,,1771.0,27.6,,No failure
B,L,,,1456.0,54.2,,No failure
C,L,,,,31.3,41.0,No failure
C,L,,,,19.3,177.0,No failure
A,M,300.2,309.1,1406.0,,,No failure
C,L,,,,52.8,200.0,No failure
C,L,,,,45.6,105.0,No failure
A,L,300.7,311.1,1440.0,,,No failure
A,M,299.7,311.0,1448.0,,,No failure
A,M,301.6,310.6,1553.0,,,No failure
B,M,,,1734.0,25.0,,No failure
C,L,,,,33.0,61.0,No failure
B,H,,,1490.0,35.9,,No failure
C,M,,,,18.8,75.0,No failure
B,L,,,1666.0,29.7,,No failure
A,L,301.7,309.9,1317.0,,,Heat Dissipation Failure
B,M,,,1604.0,31.7,,No failure
B,L,,,1507.0,41.4,,No failure
A,L,301.3,310.6,1481.0,,,No failure
C,L,,,,45.8,38.0,No failure
B,M,,,1339.0,51.1,,No failure
A,L,297.2,307.9,1989.0,,,No failure
B,L,,,1573.0,37.9,,No failure
B,L,,,1408.0,47.3,,No failure
A,M,297.2,308.3,1326.0,,,No failure
B,H,,,1570.0,35.3,,No failure
C,M,,,,37.1,210.0,No failure
B,L,,,1339.0,62.3,,No failure
B,M,,,1624.0,30.9,,No failure
C,L,,,,27.9,160.0,No failure
A,L,298.6,308.4,1397.0,,,No failure
C,L,,,,47.5,51.0,No failure
A,H,298.0,307.8,1588.0,,,No failure
B,L,,,1858.0,23.6,,No failure
A,M,297.4,308.7,1392.0,,,No failure
C,L,,,,24.9,174.0,No failure
B,M,,,1422.0,46.4,,No failure
A,L,300.8,310.9,1732.0,,,No failure
A,L,301.9,310.8,1519.0,,,No failure
B,M,,,1902.0,24.0,,No failure
C,L,,,,38.0,154.0,No failure
A,M,300.8,311.1,1583.0,,,No failure
B,L,,,1499.0,35.0,,Random Failures
B,M,,,1648.0,32.1,,No failure
C,M,,,,17.6,37.0,No failure
B,L,,,1478.0,39.5,,No failure
A,L,298.4,308.8,1458.0,,,No failure
B,M,,,1360.0,53.0,,No failure
B,M,,,1734.0,27.7,,No failure
B,M,,,1580.0,37.0,,No failure
C,H,,,,19.2,194.0,No failure
B,L,,,1570.0,36.8,,No failure
C,L,,,,43.0,15.0,No failure
B,L,,,1337.0,69.4,,Power Failure
B,M,,,1479.0,39.5,,No failure
A,M,298.7,309.7,1868.0,,,No failure
C,L,,,,42.7,75.0,No failure
B,L,,,1447.0,42.8,,No failure
A,L,299.0,308.4,1356.0,,,No failure
C,L,,,,53.8,91.0,No failure
B,L,,,1702.0,26.7,,No failure
A,L,303.3,311.7,1508.0,,,No failure
A,M,298.0,307.5,1427.0,,,No failure
B,L,,,1564.0,38.5,,No failure
B,H,,,1411.0,53.8,,No failure
B,L,,,1679.0,32.4,,No failure
A,M,297.5,309.2,1804.0,,,No failure
A,H,302.4,311.5,1540.0,,,No failure
A,L,300.2,309.4,1527.0,,,No failure
A,L,299.3,308.8,1603.0,,,No failure
A,L,298.1,307.9,2161.0,,,No failure
A,M,298.7,308.5,1360.0,,,No failure
B,L,,,1698.0,33.2,,No failure
A,M,296.9,307.5,1332.0,,,No failure
C,L,,,,36.4,160.0,No failure
B,M,,,1711.0,28.5,,No failure
B,M,,,1319.0,68.3,,Power Failure
B,M,,,1495.0,36.5,,No failure
B,L,,,1565.0,35.3,,No failure
C,L,,,,35.0,29.0,No failure
B,M,,,1477.0,37.2,,No failure
C,M,,,,74.5,194.0,Overstrain Failure
B,L,,,1568.0,36.0,,No failure
A,M,297.5,308.7,1697.0,,,No failure
C,M,,,,33.9,119.0,No failure
A,M,298.8,310.2,1527.0,,,No failure
A,L,300.1,311.5,1434.0,,,No failure
A,M,300.1,310.1,1443.0,,,No failure
A,H,297.5,308.4,1587.0,,,No failure
B,L,,,1620.0,33.4,,No failure
A,L,298.2,308.4,1379.0,,,No failure
B,L,,,1481.0,41.9,,No failure
C,L,,,,28.9,0.0,No failure
B,L,,,1455.0,39.8,,No failure
B,L,,,1601.0,35.7,,No failure
A,L,301.9,310.6,1462.0,,,No failure
B,M,,,1429.0,52.7,,No failure
C,M,,,,49.9,55.0,No failure
B,L,,,1446.0,38.2,,No failure
C,M,,,,61.4,88.0,No failure
C,L,,,,46.8,95.0,No failure
C,M,,,,32.6,184.0,No failure
A,L,299.7,310.3,1505.0,,,No failure
A,L,300.3,311.1,1676.0,,,No failure
A,L,298.3,308.4,1593.0,,,No failure
B,L,,,1421.0,45.9,,No failure
C,L,,,,26.9,121.0,No failure
B,L,,,1442.0,43.2,,No failure
B,L,,,1598.0,35.5,,No failure
A,L,298.1,307.8,1540.0,,,No failure
A,L,297.6,309.3,1543.0,,,No failure
B,M,,,1774.0,27.5,,No failure
A,L,302.3,310.9,1379.0,,,Heat Dissipation Failure
A,M,300.9,310.4,1375.0,,,No failure
A,L,297.4,308.7,1433.0,,,No failure
C,H,,,,40.2,152.0,No failure
A,M,302.6,310.5,1524.0,,,No failure
B,L,,,1677.0,31.1,,No failure
B,M,,,1554.0,32.7,,No failure
A,L,298.4,309.5,1357.0,,,No failure
C,L,,,,27.5,73.0,No failure
B,L,,,1368.0,50.8,,No failure
C,L,,,,26.9,83.0,No failure
A,H,298.6,309.5,1420.0,,,No failure
B,H,,,1470.0,37.6,,No failure
C,M,,,,34.6,161.0,No failure
A,L,297.8,308.4,1622.0,,,No failure
B,M,,,1366.0,55.1,,No failure
C,M,,,,52.8,176.0,No failure
B,M,,,1359.0,48.7,,No failure
C,H,,,,36.4,65.0,No failure
B,H,,,1411.0,49.7,,No failure
A,L,303.7,312.4,1525.0,,,No failure
A,L,303.3,312.2,1457.0,,,No failure
C,L,,,,41.3,44.0,No failure
B,L,,,1525.0,41.5,,No failure
A,H,302.5,312.0,1579.0,,,No failure
B,L,,,1365.0,44.5,,No failure
A,L,298.4,310.0,1559.0,,,No failure
C,L,,,,37.7,49.0,No failure
B,L,,,1576.0,38.8,,No failure
A,M,302.9,312.5,1551.0,,,No failure
A,H,297.3,308.7,1430.0,,,No failure
C,L,,,,32.4,99.0,No failure
B,M,,,1254.0,45.8,,No failure
B,L,,,1671.0,29.4,,No failure
A,L,297.7,308.8,1896.0,,,No failure
C,M,,,,33.9,119.0,No failure
B,L,,,1650.0,32.4,,No failure
C,M,,,,35.9,204.0,No failure
A,L,301.5,311.1,1602.0,,,No failure
B,M,,,1451.0,43.8,,No failure
A,M,303.8,313.0,1514.0,,,No failure
C,H,,,,43.3,61.0,No failure
C,L,,,,46.6,201.0,No failure
C,M,,,,48.2,46.0,No failure
B,L,,,1454.0,59.2,,Power Failure
C,L,,,,54.3,44.0,No failure
A,L,303.7,312.2,1568.0,,,No failure
A,L,300.3,311.5,1403.0,,,No failure
B,L,,,1314.0,58.2,,No failure
B,L,,,1519.0,37.7,,No failure
C,L,,,,38.0,40.0,No failure
A,L,302.3,311.8,1605.0,,,No failure
B,L,,,1623.0,34.1,,No failure
A,H,302.7,312.1,1603.0,,,No failure
A,L,299.4,310.5,1749.0,,,No failure
B,L,,,1531.0,38.5,,No failure
C,L,,,,42.2,170.0,No failure
C,H,,,,38.4,10.0,No failure
C,M,,,,39.7,69.0,No failure
B,L,,,1497.0,43.2,,No failure
A,L,302.6,311.0,2001.0,,,No failure
B,M,,,1621.0,32.4,,No failure
B,L,,,1485.0,49.9,,No failure
A,M,298.8,309.7,1439.0,,,No failure
A,L,295.8,306.5,1493.0,,,No failure
C,L,,,,31.1,34.0,No failure
A,M,298.3,307.8,1457.0,,,No failure
C,L,,,,42.8,92.0,No failure
A,L,299.1,308.2,1493.0,,,No failure
A,M,298.0,307.6,1569.0,,,No failure
A,H,296.7,307.9,1424.0,,,No failure
C,L,,,,49.1,71.0,No failure
C,H,,,,37.1,84.0,No failure
C,L,,,,41.8,128.0,No failure
A,M,297.5,309.4,1482.0,,,No failure
A,L,298.5,309.5,1480.0,,,No failure
C,M,,,,31.8,192.0,No failure
C,L,,,,55.7,201.0,Overstrain Failure
C,L,,,,35.9,215.0,Tool Wear Failure
A,M,300.4,309.7,1488.0,,,No failure
C,L,,,,47.9,174.0,No failure
C,H,,,,48.3,22.0,No failure
C,L,,,,44.1,60.0,No failure
B,M,,,1680.0,28.2,,No failure
C,L,,,,34.7,142.0,No failure
B,L,,,1622.0,35.6,,No failure
B,M,,,1341.0,58.9,,No failure
A,L,296.3,307.3,1398.0,,,No failure
C,M,,,,49.7,139.0,No failure
C,H,,,,49.4,2.0,No failure
C,M,,,,34.5,168.0,No failure
A,H,300.5,311.7,1454.0,,,No failure
C,L,,,,50.5,111.0,No failure
A,M,296.9,308.1,1357.0,,,No failure
B,L,,,1580.0,35.8,,No failure
B,L,,,1309.0,51.1,,No failure
C,M,,,,38.7,5.0,No failure
C,L,,,,32.2,118.0,No failure
A,L,302.4,310.9,1349.0,,,Heat Dissipation Failure
B,L,,,2074.0,18.9,,No failure
C,M,,,,58.3,9.0,No failure
A,L,302.7,311.1,1730.0,,,No failure
B,L,,,1406.0,43.6,,No failure
A,L,297.9,309.8,2000.0,,,No failure
A,L,303.6,312.9,1588.0,,,No failure
A,L,300.2,309.8,1526.0,,,No failure
B,M,,,1485.0,45.9,,No failure
A,M,302.5,310.4,1509.0,,,No failure
B,L,,,1473.0,42.7,,No failure
B,L,,,1377.0,62.5,,Power Failure
A,M,301.0,310.4,1517.0,,,No failure
A,L,298.8,309.5,1374.0,,,No failure
A,H,303.7,312.8,1488.0,,,No failure
B,L,,,1471.0,48.3,,No failure
A,M,298.5,308.7,1367.0,,,No failure
A,L,302.3,310.8,1511.0,,,No failure
B,M,,,1532.0,38.8,,No failure
C,M,,,,38.8,114.0,No failure
C,L,,,,38.5,86.0,No failure
C,L,,,,24.3,128.0,No failure
A,L,300.7,309.6,1733.0,,,No failure
A,L,295.7,306.5,1737.0,,,No failure
B,H,,,1940.0,19.9,,No failure
B,M,,,1921.0,22.0,,No failure
C,L,,,,50.8,2.0,No failure
A,H,300.5,311.6,1506.0,,,No failure
C,L,,,,33.8,22.0,No failure
A,L,298.3,308.6,1570.0,,,No failure
C,L,,,,53.7,140.0,No failure
A,H,295.6,306.1,1623.0,,,No failure
C,L,,,,45.9,182.0,No failure
B,H,,,1349.0,48.9,,No failure
B,L,,,1636.0,31.3,,No failure
B,L,,,1586.0,37.8,,No failure
B,L,,,1441.0,44.5,,No failure
C,L,,,,42.2,94.0,No failure
B,L,,,1487.0,42.5,,No failure
C,M,,,,50.3,150.0,No failure
A,H,297.7,307.4,1432.0,,,No failure
B,L,,,1559.0,36.0,,No failure
B,L,,,2567.0,12.8,,Power Failure
C,L,,,,33.6,59.0,No failure
A,M,299.8,311.3,1517.0,,,No failure
C,L,,,,35.3,113.0,No failure
B,L,,,1421.0,49.6,,No failure
A,L,303.6,312.7,1429.0,,,No failure
C,H,,,,54.5,104.0,No failure
B,L,,,1418.0,52.3,,No failure
A,L,300.7,312.3,1548.0,,,No failure
A,M,303.8,312.5,1366.0,,,No failure
C,H,,,,36.2,177.0,No failure
A,M,301.5,310.7,1871.0,,,No failure
C,M,,,,45.5,49.0,No failure
A,M,301.6,310.8,1548.0,,,No failure
C,L,,,,31.6,121.0,No failure
A,L,298.0,308.7,1619.0,,,No failure
C,L,,,,32.5,25.0,No failure
A,L,298.2,309.1,1539.0,,,No failure
A,L,298.6,309.8,1497.0,,,No failure
B,M,,,1421.0,47.2,,No failure
B,M,,,1418.0,49.5,,No failure
A,M,297.8,307.3,1315.0,,,No failure
C,M,,,,43.2,189.0,No failure
C,L,,,,52.7,92.0,No failure
A,M,298.6,308.3,1717.0,,,No failure
B,L,,,1657.0,32.2,,No failure
C,L,,,,36.0,23.0,No failure
A,M,302.3,310.9,1762.0,,,No failure
B,M,,,1740.0,25.6,,No failure
C,L,,,,49.9,0.0,No failure
B,L,,,1459.0,44.5,,No failure
B,M,,,1732.0,26.2,,No failure
C,L,,,,50.7,185.0,No failure
A,L,302.3,311.7,1510.0,,,No failure
C,L,,,,50.7,206.0,No failure
B,M,,,1392.0,48.7,,No failure
C,L,,,,30.6,195.0,No failure
C,H,,,,40.3,207.0,No failure
C,M,,,,52.8,75.0,No failure
A,L,296.7,307.9,1420.0,,,No failure
C,M,,,,45.7,41.0,No failure
C,L,,,,34.1,44.0,No failure
B,L,,,1491.0,38.1,,No failure
A,L,303.4,311.9,1298.0,,,Heat Dissipation Failure
B,L,,,1288.0,69.6,,Power Failure
B,L,,,1548.0,36.9,,No failure
C,L,,,,37.9,164.0,No failure
B,M,,,1525.0,35.9,,No failure
A,L,300.4,311.2,1673.0,,,No failure
B,M,,,1480.0,38.1,,No failure
C,L,,,,42.2,25.0,No failure
A,L,301.5,311.1,1469.0,,,No failure
A,M,297.5,309.4,1433.0,,,No failure
B,M,,,1395.0,44.6,,No failure
B,L,,,1248.0,61.4,,No failure
B,L,,,1376.0,53.4,,No failure
C,L,,,,32.0,60.0,No failure
C,L,,,,45.9,74.0,No failure
B,L,,,1681.0,28.6,,No failure
B,L,,,1651.0,35.7,,No failure
A,L,301.7,310.6,1406.0,,,No failure
B,L,,,1519.0,39.3,,No failure
B,L,,,1613.0,32.2,,No failure
C,L,,,,47.5,37.0,No failure
A,L,302.5,310.3,1551.0,,,No failure
C,M,,,,43.0,133.0,No failure
A,H,300.7,310.8,1296.0,,,No failure
A,L,298.4,309.1,1423.0,,,No failure
B,M,,,1603.0,31.8,,No failure
B,M,,,1375.0,48.3,,No failure
C,L,,,,57.6,77.0,No failure
B,H,,,1612.0,36.1,,No failure
A,L,298.5,309.7,1437.0,,,No failure
A,H,301.2,312.4,1395.0,,,No failure
C,M,,,,47.3,206.0,No failure
A,M,299.1,308.6,1491.0,,,No failure
C,M,,,,33.7,32.0,No failure
A,L,302.6,311.5,1427.0,,,No failure
C,M,,,,46.0,180.0,No failure
B,L,,,1446.0,62.9,,Power Failure
B,L,,,1359.0,56.9,,No failure
C,H,,,,36.2,166.0,No failure
B,H,,,1422.0,41.9,,No failure
A,M,300.7,310.9,1486.0,,,No failure
A,M,298.1,308.8,2206.0,,,No failure
C,L,,,,49.2,111.0,No failure
A,L,299.3,308.8,1647.0,,,No failure
A,L,303.6,312.0,1827.0,,,No failure
A,L,303.7,312.1,1363.0,,,Heat Dissipation Failure
A,L,299.2,308.4,1509.0,,,No failure
B,L,,,1254.0,61.3,,No failure
A,L,300.3,311.7,1707.0,,,No failure
A,M,300.8,309.7,1482.0,,,No failure
A,L,301.6,310.5,1397.0,,,No failure
A,L,301.9,310.8,1465.0,,,No failure
A,L,299.1,308.4,1693.0,,,No failure
C,L,,,,37.5,137.0,No failure
A,M,303.3,311.4,1395.0,,,No failure
B,L,,,2465.0,13.7,,No failure
A,M,300.2,309.5,1500.0,,,No failure
C,L,,,,36.7,130.0,No failure
B,L,,,1291.0,56.4,,No failure
C,M,,,,36.1,208.0,No failure
C,L,,,,30.0,183.0,No failure
C,L,,,,23.9,129.0,No failure
C,L,,,,15.9,78.0,No failure
B,L,,,1461.0,45.4,,No failure
C,L,,,,40.4,11.0,No failure
A,L,300.0,309.5,1641.0,,,No failure
C,H,,,,41.0,39.0,No failure
C,L,,,,30.2,0.0,No failure
C,L,,,,51.5,231.0,Overstrain Failure
B,L,,,1448.0,48.8,,No failure
C,M,,,,59.6,207.0,Overstrain Failure
B,L,,,1583.0,32.6,,No failure
C,M,,,,49.8,165.0,No failure
B,L,,,1809.0,23.8,,No failure
B,L,,,1461.0,39.4,,No failure
A,L,298.4,308.2,1364.0,,,No failure
B,L,,,1477.0,36.6,,No failure
C,M,,,,39.5,158.0,No failure
B,M,,,1540.0,34.4,,No failure
A,M,299.0,310.4,1394.0,,,No failure
B,M,,,1507.0,40.2,,No failure
B,L,,,1402.0,51.2,,No failure
A,L,298.8,308.8,1523.0,,,No failure
B,L,,,1585.0,32.9,,No failure
A,M,298.7,309.9,1458.0,,,No failure
B,M,,,1456.0,51.1,,No failure
C,L,,,,35.6,193.0,No failure
B,L,,,1288.0,47.2,,No failure
C,L,,,,42.1,23.0,No failure
A,L,298.4,309.5,1376.0,,,No failure
C,M,,,,46.8,162.0,No failure
C,M,,,,46.9,152.0,No failure
C,L,,,,44.8,36.0,No failure
B,L,,,1998.0,20.2,,No failure
A,L,302.8,312.2,1433.0,,,No failure
B,M,,,1634.0,33.8,,No failure
B,H,,,1407.0,43.9,,No failure
C,M,,,,54.8,147.0,No failure
C,M,,,,39.8,114.0,No failure
A,M,297.8,307.4,1488.0,,,No failure
C,L,,,,44.5,162.0,No failure
A,L,301.4,310.7,1605.0,,,No failure
C,M,,,,50.7,185.0,No failure
B,L,,,1465.0,35.0,,No failure
C,L,,,,44.5,135.0,No failure
B,M,,,1631.0,35.4,,No failure
A,L,303.9,313.1,1491.0,,,No failure
C,L,,,,27.8,199.0,No failure
B,L,,,1382.0,46.4,,No failure
A,H,303.6,312.4,1460.0,,,No failure
C,M,,,,53.2,194.0,No failure
B,M,,,1584.0,40.0,,No failure
B,L,,,1597.0,36.9,,No failure
C,H,,,,53.5,83.0,No failure
A,L,297.3,308.4,1469.0,,,No failure
A,M,299.6,309.0,1736.0,,,No failure
A,M,297.3,308.3,1341.0,,,No failure
B,L,,,1779.0,25.5,,No failure
C,M,,,,40.2,171.0,No failure
C,M,,,,21.9,37.0,No failure
A,L,298.3,309.1,1593.0,,,No failure
C,L,,,,39.2,112.0,No failure
B,L,,,1479.0,34.5,,No failure
A,L,302.6,311.0,1369.0,,,Heat Dissipation Failure
C,M,,,,41.0,184.0,No failure
B,L,,,1482.0,41.4,,No failure
B,L,,,1615.0,32.0,,No failure
A,L,300.2,311.6,1767.0,,,No failure
A,L,301.8,310.3,1341.0,,,Heat Dissipation Failure
B,L,,,1502.0,47.3,,No failure
A,L,297.3,308.5,1497.0,,,No failure
C,L,,,,45.7,97.0,No failure
A,L,302.5,310.9,1330.0,,,Heat Dissipation Failure
A,L,301.6,310.7,1638.0,,,No failure
B,L,,,1369.0,51.8,,No failure
C,L,,,,35.7,180.0,No failure
A,L,302.4,310.2,1503.0,,,No failure
B,L,,,1820.0,24.6,,No failure
B,M,,,1418.0,46.3,,No failure
B,L,,,1401.0,42.6,,No failure
A,H,300.5,309.4,1502.0,,,No failure
A,L,298.8,308.4,1401.0,,,No failure
B,M,,,1496.0,42.2,,No failure
A,L,301.9,309.9,1374.0,,,Heat Dissipation Failure
B,M,,,1254.0,57.1,,No failure
A,L,302.3,310.9,2034.0,,,No failure
B,L,,,1286.0,62.4,,No failure
C,L,,,,41.2,124.0,No failure
B,L,,,1549.0,34.7,,No failure
B,L,,,1890.0,24.0,,No failure
C,L,,,,40.2,109.0,No failure
C,L,,,,45.4,147.0,No failure
A,L,300.2,309.5,1539.0,,,No failure
C,L,,,,47.8,31.0,No failure
B,L,,,1452.0,41.5,,No failure
C,L,,,,35.9,95.0,No failure
C,M,,,,25.0,180.0,No failure
A,L,299.1,310.6,1326.0,,,No failure
B,M,,,1839.0,23.6,,No failure
A,M,299.1,308.6,2329.0,,,No failure
C,L,,,,50.2,130.0,No failure
C,L,,,,32.9,129.0,No failure
A,M,302.7,310.5,1880.0,,,No failure
B,L,,,1473.0,46.3,,No failure
A,H,300.3,311.8,2141.0,,,No failure
A,M,299.1,310.6,1449.0,,,No failure
C,M,,,,57.9,59.0,No failure
B,L,,,1517.0,40.8,,No failure
B,L,,,1544.0,31.8,,No failure
B,L,,,1511.0,37.1,,No failure
C,L,,,,37.7,71.0,No failure
B,M,,,1457.0,35.1,,No failure
C,L,,,,40.8,118.0,No failure
C,M,,,,43.5,98.0,No failure
B,L,,,1575.0,33.9,,No failure
C,H,,,,23.1,90.0,No failure
C,H,,,,32.3,194.0,No failure
C,L,,,,39.4,0.0,No failure
C,L,,,,36.4,12.0,No failure
C,L,,,,40.0,55.0,No failure
C,M,,,,43.8,41.0,No failure
B,L,,,1503.0,36.5,,No failure
A,M,300.5,310.2,1571.0,,,No failure
A,L,301.1,311.1,1429.0,,,No failure
C,M,,,,42.4,173.0,No failure
C,L,,,,34.2,96.0,No failure
C,L,,,,37.9,58.0,No failure
B,L,,,1418.0,49.3,,No failure
A,L,299.3,310.6,1480.0,,,No failure
A,M,300.9,310.8,1599.0,,,No failure
A,L,301.4,310.5,1380.0,,,No failure
C,M,,,,39.2,39.0,No failure
A,L,301.0,310.9,1492.0,,,No failure
C,H,,,,52.8,194.0,No failure
B,L,,,1988.0,21.4,,No failure
A,L,303.3,312.2,1506.0,,,No failure
B,M,,,1876.0,22.1,,No failure
A,L,298.2,309.0,1377.0,,,No failure
A,M,298.5,309.4,1521.0,,,No failure
C,L,,,,49.5,174.0,No failure
A,L,298.8,310.6,1651.0,,,No failure
A,L,301.3,310.0,1344.0,,,No failure
A,M,302.2,311.7,1653.0,,,No failure
A,M,298.9,308.2,1328.0,,,No failure
B,M,,,1535.0,37.7,,No failure
A,L,298.8,308.4,1473.0,,,No failure
C,L,,,,35.3,55.0,No failure
B,L,,,1591.0,37.5,,No failure
A,L,302.0,310.9,1455.0,,,No failure
A,L,297.5,308.6,1513.0,,,No failure
B,L,,,1858.0,23.9,,No failure
A,M,304.3,313.6,1489.0,,,No failure
B,H,,,1457.0,47.2,,No failure
B,H,,,1563.0,44.6,,No failure
A,H,302.5,310.9,1356.0,,,Heat Dissipation Failure
A,M,300.8,310.9,1514.0,,,No failure
B,L,,,1635.0,39.8,,No failure
C,L,,,,35.1,128.0,No failure
A,L,298.2,308.0,1499.0,,,No failure
A,M,301.5,310.4,1276.0,,,No failure
C,H,,,,26.1,210.0,No failure
C,H,,,,43.8,119.0,No failure
B,L,,,1493.0,41.4,,No failure
B,H,,,1359.0,47.6,,No failure
A,L,300.0,311.4,1634.0,,,No failure
B,L,,,1400.0,58.2,,No failure
C,M,,,,40.2,0.0,No failure
A,H,300.4,311.6,1715.0,,,No failure
C,L,,,,21.4,44.0,No failure
A,L,301.0,310.8,1527.0,,,No failure
C,L,,,,40.2,112.0,No failure
B,H,,,1436.0,43.9,,No failure
C,L,,,,46.7,133.0,No failure
A,L,300.4,309.5,1711.0,,,No failure
C,L,,,,41.5,208.0,No failure
A,L,297.5,308.9,1554.0,,,No failure
C,M,,,,30.5,13.0,No failure
C,L,,,,44.3,71.0,No failure
B,M,,,1445.0,54.8,,No failure
A,L,299.4,310.9,1751.0,,,No failure
C,L,,,,60.5,13.0,No failure
B,L,,,1802.0,26.0,,No failure
A,M,297.9,309.1,1558.0,,,No failure
B,L,,,1455.0,40.4,,No failure
B,M,,,1469.0,46.4,,No failure
C,L,,,,38.1,140.0,No failure
A,M,299.6,309.1,1435.0,,,No failure
B,L,,,1683.0,28.4,,No failure
B,L,,,1405.0,53.8,,No failure
C,L,,,,45.7,15.0,No failure
B,L,,,1309.0,48.0,,No failure
C,L,,,,30.9,108.0,No failure
A,L,297.1,308.4,1543.0,,,No failure
B,L,,,1606.0,34.0,,No failure
B,L,,,1444.0,39.8,,No failure
C,M,,,,42.8,0.0,No failure
A,L,299.3,309.1,1470.0,,,No failure
C,M,,,,51.8,178.0,No failure
B,M,,,2012.0,20.7,,No failure
B,H,,,1491.0,42.6,,No failure
C,L,,,,47.3,127.0,No failure
A,M,299.0,308.3,1377.0,,,No failure
A,M,298.4,309.3,1390.0,,,No failure
C,M,,,,42.1,170.0,No failure
A,L,298.5,308.0,1404.0,,,No failure
B,L,,,1610.0,39.2,,No failure
B,L,,,1405.0,42.3,,No failure
A,L,303.8,312.9,1367.0,,,No failure
C,M,,,,47.3,70.0,No failure
C,H,,,,17.0,95.0,No failure
A,M,296.1,307.1,1350.0,,,No failure
A,L,302.3,310.7,1402.0,,,No failure
C,L,,,,43.5,158.0,No failure
C,M,,,,36.6,47.0,No failure
C,M,,,,29.1,195.0,No failure
B,L,,,1574.0,37.1,,No failure
A,L,295.7,306.2,1397.0,,,No failure
C,M,,,,42.7,50.0,No failure
C,L,,,,39.4,157.0,No failure
C,M,,,,20.2,50.0,No failure
C,L,,,,22.9,55.0,No failure
A,L,299.7,309.2,1620.0,,,No failure
B,L,,,1415.0,49.6,,No failure
A,M,297.2,308.0,1478.0,,,No failure
A,L,303.5,312.1,1522.0,,,No failure
C,M,,,,37.7,210.0,No failure
B,M,,,1521.0,39.9,,No failure
C,L,,,,35.1,111.0,No failure
C,M,,,,27.1,215.0,No failure
C,H,,,,20.3,26.0,No failure
C,L,,,,37.5,60.0,No failure
A,L,298.1,307.8,1432.0,,,No failure
C,M,,,,25.3,197.0,No failure
C,M,,,,26.2,191.0,No failure
A,M,302.8,312.3,1416.0,,,No failure
C,M,,,,41.1,121.0,No failure
B,H,,,1769.0,27.9,,No failure
A,L,300.5,311.4,1466.0,,,No failure
B,M,,,1540.0,38.7,,No failure
B,L,,,1734.0,29.9,,No failure
C,L,,,,53.4,57.0,No failure
B,L,,,1665.0,31.4,,No failure
C,L,,,,31.4,38.0,No failure
C,L,,,,34.0,92.0,No failure
C,H,,,,31.5,0.0,No failure
B,L,,,1526.0,34.9,,No failure
C,L,,,,43.7,152.0,No failure
C,M,,,,33.0,24.0,No failure
C,L,,,,37.7,220.0,Tool Wear Failure
C,L,,,,29.8,64.0,No failure
B,L,,,1402.0,50.1,,No failure
B,L,,,1545.0,32.2,,No failure
C,M,,,,49.9,96.0,No failure
C,L,,,,46.3,138.0,No failure
A,L,298.1,308.2,1521.0,,,No failure
B,M,,,1473.0,40.1,,No failure
B,L,,,1464.0,44.5,,No failure
B,M,,,1406.0,47.1,,No failure
A,L,301.0,310.4,2204.0,,,No failure
A,L,302.4,310.1,2009.0,,,No failure
A,L,299.6,309.2,1425.0,,,No failure
B,M,,,1466.0,39.5,,No failure
B,M,,,1403.0,47.4,,No failure
A,H,297.9,307.6,1493.0,,,No failure
A,L,298.6,309.5,1450.0,,,No failure
C,L,,,,38.3,9.0,No failure
A,L,297.3,308.1,1468.0,,,No failure
A,M,298.6,309.5,1426.0,,,No failure
C,H,,,,46.8,95.0,No failure
A,M,297.4,308.5,1412.0,,,No failure
C,L,,,,39.1,119.0,No failure
C,L,,,,59.9,205.0,Overstrain Failure
B,L,,,1490.0,41.8,,No failure
B,L,,,1465.0,44.1,,No failure
A,M,301.8,311.1,1647.0,,,No failure
A,L,299.2,308.4,1434.0,,,No failure
B,L,,,1470.0,37.7,,No failure
A,M,298.6,310.1,1444.0,,,No failure
C,M,,,,43.3,189.0,No failure
B,H,,,1419.0,42.4,,No failure
A,L,300.0,309.4,2010.0,,,No failure
B,L,,,1367.0,47.1,,No failure
B,M,,,1526.0,37.3,,No failure
A,L,301.8,310.8,1383.0,,,No failure
C,L,,,,40.2,81.0,No failure
A,L,299.4,310.4,1509.0,,,No failure
C,M,,,,42.0,90.0,No failure
A,L,298.0,308.1,1777.0,,,No failure
C,L,,,,50.5,187.0,No failure
B,L,,,1543.0,34.0,,No failure
C,L,,,,36.7,194.0,No failure
B,M,,,1488.0,40.1,,No failure
B,L,,,1528.0,36.2,,No failure
A,L,300.3,309.2,1462.0,,,No failure
B,M,,,1603.0,32.6,,No failure
C,L,,,,51.2,40.0,No failure
C,L,,,,35.3,172.0,No failure
C,M,,,,46.0,51.0,No failure
A,L,300.0,309.2,1566.0,,,No failure
C,L,,,,45.3,67.0,No failure
B,L,,,1353.0,43.8,,No failure
A,M,300.1,309.2,1418.0,,,No failure
B,L,,,1466.0,46.1,,No failure
A,M,300.4,311.7,1398.0,,,No failure
A,H,300.3,309.5,1438.0,,,No failure
C,M,,,,27.8,44.0,No failure
C,M,,,,58.1,168.0,No failure
C,L,,,,46.8,188.0,No failure
A,L,298.4,308.3,1473.0,,,No failure
B,H,,,1341.0,59.3,,No failure
A,H,297.9,307.6,1418.0,,,No failure
A,M,302.5,312.0,1436.0,,,No failure
C,M,,,,25.9,94.0,No failure
A,M,300.4,309.8,1356.0,,,No failure
B,L,,,1480.0,43.5,,No failure
A,L,297.5,308.5,1340.0,,,No failure
B,M,,,1316.0,47.2,,No failure
A,M,297.5,309.4,1831.0,,,No failure
A,L,301.6,310.7,1494.0,,,No failure
C,L,,,,38.0,168.0,No failure
A,L,299.3,310.5,1281.0,,,No failure
A,M,302.3,311.7,1504.0,,,No failure
A,H,299.2,310.5,1329.0,,,No failure
B,M,,,1320.0,49.9,,No failure
C,H,,,,27.4,100.0,No failure
C,L,,,,45.6,44.0,No failure
A,M,302.3,311.8,1475.0,,,No failure
B,L,,,1470.0,51.3,,No failure
C,L,,,,44.0,92.0,No failure
C,M,,,,34.7,57.0,No failure
A,L,301.9,310.8,1906.0,,,No failure
B,L,,,1449.0,40.7,,No failure
B,L,,,1368.0,46.0,,No failure
A,L,298.4,308.9,1391.0,,,No failure
C,L,,,,56.6,126.0,No failure
B,H,,,1526.0,41.8,,No failure
B,M,,,1624.0,30.8,,No failure
C,H,,,,40.4,112.0,No failure
B,L,,,1479.0,46.3,,No failure
A,M,301.8,309.9,1334.0,,,Heat Dissipation Failure
A,L,299.5,309.1,1502.0,,,No failure
A,L,298.4,309.3,1395.0,,,No failure
B,L,,,1785.0,25.5,,No failure
C,L,,,,55.3,148.0,No failure
A,M,300.8,311.4,1732.0,,,No failure
B,M,,,1355.0,56.7,,No failure
B,L,,,1558.0,32.6,,No failure
B,M,,,1685.0,28.1,,No failure
A,L,301.7,310.7,1605.0,,,No failure
A,M,301.8,310.6,1552.0,,,No failure
C,L,,,,39.9,70.0,No failure
A,L,300.5,311.4,1709.0,,,No failure
A,L,298.2,308.2,1478.0,,,No failure
A,M,301.0,310.7,1455.0,,,No failure
B,M,,,1323.0,57.9,,No failure
B,H,,,1793.0,23.9,,No failure
A,L,304.1,313.6,1611.0,,,No failure
C,L,,,,53.6,137.0,No failure
C,L,,,,37.3,100.0,No failure
C,L,,,,29.7,28.0,No failure
A,H,302.2,311.1,1628.0,,,No failure
A,M,300.7,310.0,1641.0,,,No failure
B,M,,,1766.0,26.7,,No failure
B,M,,,1863.0,22.2,,No failure
A,M,302.5,311.0,1387.0,,,No failure
B,M,,,1547.0,40.9,,No failure
C,M,,,,30.0,163.0,No failure
A,L,301.4,310.3,1492.0,,,No failure
A,L,297.7,308.5,1501.0,,,No failure
C,M,,,,48.1,119.0,No failure
A,L,301.4,310.5,1633.0,,,No failure
C,M,,,,35.0,157.0,No failure
A,M,298.6,310.2,1328.0,,,No failure
B,M,,,1985.0,19.3,,No failure
A,L,303.0,311.2,1664.0,,,No failure
C,M,,,,37.8,146.0,No failure
C,L,,,,60.4,133.0,No failure
B,M,,,1693.0,30.0,,No failure
A,L,297.0,307.8,1521.0,,,No failure
B,L,,,1384.0,59.5,,No failure
A,M,303.4,312.8,1622.0,,,No failure
B,H,,,1424.0,42.0,,No failure
C,L,,,,65.1,212.0,Overstrain Failure
C,L,,,,30.9,204.0,No failure
A,M,297.2,308.3,1776.0,,,No failure
A,L,298.9,309.1,1383.0,,,No failure
C,L,,,,19.6,12.0,No failure
C,L,,,,44.8,91.0,No failure
B,M,,,1235.0,76.2,,Power Failure
C,M,,,,35.1,52.0,No failure
B,L,,,1567.0,35.1,,No failure
A,M,297.6,308.9,1479.0,,,No failure
C,M,,,,37.7,133.0,No failure
C,M,,,,32.9,82.0,No failure
B,L,,,1363.0,44.0,,No failure
C,L,,,,60.3,36.0,No failure
A,M,298.3,309.4,1509.0,,,No failure
C,L,,,,33.5,191.0,No failure
B,L,,,1450.0,43.1,,No failure
B,M,,,1424.0,41.3,,No failure
A,M,299.8,309.6,1331.0,,,No failure
B,M,,,1487.0,52.6,,No failure
C,L,,,,51.1,133.0,No failure
A,L,299.4,309.1,1304.0,,,No failure
C,L,,,,33.6,67.0,No failure
A,L,299.6,311.0,1430.0,,,No failure
A,L,296.6,307.6,1542.0,,,No failure
B,L,,,1574.0,32.7,,No failure
C,L,,,,42.1,138.0,No failure
C,L,,,,20.4,171.0,No failure
A,L,302.2,310.6,1346.0,,,Heat Dissipation Failure
A,L,303.4,311.6,1497.0,,,No failure
C,L,,,,39.4,18.0,No failure
B,M,,,1614.0,30.3,,No failure
B,L,,,1563.0,34.4,,No failure
B,L,,,1780.0,29.3,,No failure
A,L,300.7,310.3,1592.0,,,No failure
B,M,,,1538.0,38.0,,No failure
C,M,,,,28.9,174.0,No failure
B,L,,,1351.0,62.0,,No failure
B,M,,,1702.0,30.3,,No failure
A,L,302.7,312.1,1763.0,,,No failure
B,L,,,1957.0,22.1,,No failure
C,L,,,,53.0,208.0,Overstrain Failure
C,H,,,,53.8,246.0,Overstrain Failure
A,H,300.1,311.4,1518.0,,,No failure
C,L,,,,35.2,171.0,No failure
A,M,300.4,309.7,1685.0,,,No failure
A,M,300.0,311.5,1451.0,,,No failure
A,H,303.7,312.7,1564.0,,,No failure
B,L,,,1278.0,60.5,,No failure
A,L,296.1,307.1,1898.0,,,No failure
C,M,,,,51.7,108.0,No failure
C,M,,,,61.4,170.0,No failure
C,L,,,,32.8,65.0,No failure
C,M,,,,33.5,157.0,No failure
B,L,,,1552.0,36.4,,No failure
C,L,,,,25.5,26.0,No failure
C,L,,,,39.1,45.0,No failure
A,M,298.5,308.7,1662.0,,,No failure
A,H,299.0,309.9,1884.0,,,No failure
A,L,299.3,308.5,1772.0,,,No failure
A,H,300.2,309.8,1374.0,,,No failure
A,L,301.0,310.9,1479.0,,,No failure
C,H,,,,33.3,207.0,No failure
C,L,,,,30.3,204.0,No failure
C,L,,,,24.8,113.0,No failure
A,L,302.5,310.2,1329.0,,,Heat Dissipation Failure
A,L,303.0,311.2,1341.0,,,Heat Dissipation Failure
C,L,,,,30.7,92.0,No failure
A,M,299.9,309.8,1625.0,,,No failure
B,L,,,1731.0,28.5,,No failure
A,L,303.8,312.5,1523.0,,,No failure
B,L,,,1631.0,35.0,,No failure
A,L,299.4,309.2,1433.0,,,No failure
A,L,300.3,309.6,1537.0,,,No failure
C,L,,,,40.4,59.0,No failure
A,M,299.5,309.3,1675.0,,,No failure
B,L,,,1709.0,32.1,,No failure
C,L,,,,46.5,11.0,No failure
A,L,302.1,311.2,1550.0,,,No failure
A,L,303.9,313.1,1310.0,,,No failure
A,H,298.4,307.9,1948.0,,,No failure
A,L,297.2,308.5,1471.0,,,No failure
C,L,,,,57.1,8.0,No failure
A,M,301.7,310.6,1492.0,,,No failure
A,M,298.9,309.2,1412.0,,,No failure
A,L,303.4,311.9,1377.0,,,Heat Dissipation Failure
C,L,,,,29.5,15.0,No failure
C,L,,,,32.8,67.0,No failure
C,L,,,,41.0,176.0,No failure
C,L,,,,30.6,59.0,No failure
A,H,298.4,307.9,1700.0,,,No failure
C,M,,,,36.1,142.0,No failure
C,M,,,,52.1,145.0,No failure
A,L,300.8,311.7,1397.0,,,No failure
A,L,297.4,309.3,1332.0,,,No failure
A,H,303.1,312.8,1435.0,,,No failure
C,L,,,,33.5,70.0,No failure
A,M,297.5,308.1,1907.0,,,No failure
C,L,,,,39.3,217.0,No failure
B,M,,,1497.0,44.8,,No failure
C,L,,,,47.1,83.0,No failure
C,L,,,,53.8,129.0,No failure
C,M,,,,19.1,67.0,No failure
A,L,301.3,310.5,1365.0,,,No failure
C,L,,,,41.5,29.0,No failure
C,H,,,,40.9,162.0,No failure
B,L,,,1747.0,27.6,,No failure
C,L,,,,38.0,166.0,No failure
C,L,,,,36.2,144.0,No failure
C,M,,,,32.9,94.0,No failure
A,H,297.6,309.6,1278.0,,,No failure
C,H,,,,24.6,171.0,No failure
A,H,297.7,309.6,1697.0,,,No failure
C,L,,,,17.0,110.0,No failure
A,L,297.8,308.3,1477.0,,,No failure
B,M,,,1790.0,25.7,,No failure
B,L,,,1634.0,30.0,,No failure
C,L,,,,46.0,124.0,No failure
C,L,,,,39.1,110.0,No failure
B,L,,,1455.0,55.3,,No failure
C,H,,,,50.2,51.0,No failure
B,L,,,1793.0,25.8,,No failure
A,M,295.7,306.2,1423.0,,,No failure
B,L,,,1326.0,49.8,,No failure
B,L,,,1412.0,57.5,,Random Failures
B,M,,,1393.0,49.5,,No failure
B,L,,,1686.0,27.9,,No failure
A,M,298.9,309.8,1353.0,,,No failure
B,L,,,2478.0,13.4,,Power Failure
A,L,298.4,309.2,1345.0,,,No failure
B,L,,,1832.0,22.9,,No failure
C,L,,,,42.2,58.0,No failure
A,M,296.9,308.0,1409.0,,,No failure
C,L,,,,30.4,41.0,No failure
A,L,301.2,310.8,1479.0,,,No failure
B,L,,,1466.0,43.4,,No failure
B,H,,,1390.0,48.5,,No failure
B,L,,,1523.0,39.5,,No failure
B,L,,,1410.0,48.1,,No failure
A,L,298.6,309.4,1447.0,,,No failure
B,M,,,1374.0,48.9,,No failure
A,L,300.1,311.7,1503.0,,,No failure
A,L,304.2,313.6,1469.0,,,No failure
A,L,302.4,310.9,1469.0,,,No failure
B,L,,,2514.0,13.4,,No failure
C,L,,,,38.4,132.0,No failure
B,L,,,1445.0,49.1,,No failure
A,L,299.4,308.7,1504.0,,,No failure
C,M,,,,35.0,119.0,No failure
B,M,,,1618.0,30.3,,No failure
C,L,,,,37.2,149.0,No failure
A,L,302.9,312.1,1334.0,,,No failure
B,M,,,1443.0,38.2,,No failure
A,L,301.0,311.0,1634.0,,,No failure
B,L,,,1753.0,25.8,,No failure
C,L,,,,36.7,116.0,No failure
B,M,,,1501.0,44.7,,No failure
C,L,,,,37.2,203.0,No failure
B,M,,,1377.0,43.0,,No failure
C,L,,,,37.8,127.0,No failure
B,H,,,1455.0,40.3,,No failure
A,L,300.8,310.7,1525.0,,,No failure
C,L,,,,39.6,212.0,No failure
B,L,,,1987.0,20.1,,No failure
B,M,,,1429.0,42.0,,No failure
A,H,300.4,309.7,1500.0,,,No failure
C,M,,,,38.9,2.0,No failure
A,M,303.6,312.1,1627.0,,,No failure
A,M,297.5,308.6,1842.0,,,No failure
A,L,300.6,310.9,1471.0,,,No failure
B,L,,,1544.0,35.9,,No failure
A,L,302.2,311.2,1451.0,,,No failure
A,M,297.1,307.8,1538.0,,,No failure
A,L,296.9,307.8,1605.0,,,No failure
B,L,,,1917.0,24.1,,No failure
C,L,,,,27.2,52.0,No failure
B,L,,,1542.0,35.7,,No failure
B,H,,,1513.0,38.7,,No failure
C,L,,,,29.9,140.0,No failure
C,L,,,,35.2,77.0,No failure
C,L,,,,50.3,101.0,No failure
B,H,,,1429.0,44.1,,No failure
C,L,,,,52.1,121.0,No failure
B,L,,,1403.0,46.8,,No failure
B,L,,,1356.0,59.5,,No failure
A,L,302.4,310.7,1362.0,,,Heat Dissipation Failure
C,L,,,,33.1,38.0,No failure
C,L,,,,47.0,190.0,No failure
A,L,300.7,311.2,1486.0,,,No failure
C,M,,,,30.0,70.0,No failure
B,L,,,1477.0,45.4,,No failure
B,L,,,1504.0,44.8,,No failure
B,L,,,1858.0,26.3,,No failure
A,L,300.4,311.1,2013.0,,,No failure
C,M,,,,40.2,96.0,No failure
C,L,,,,59.7,40.0,No failure
A,L,298.1,308.2,1485.0,,,No failure
A,L,301.0,310.7,1391.0,,,No failure
B,L,,,1459.0,43.1,,No failure
B,M,,,1710.0,27.3,,No failure
C,L,,,,47.9,25.0,No failure
A,L,297.8,307.2,1351.0,,,No failure
C,L,,,,42.6,107.0,No failure
C,L,,,,37.4,175.0,No failure
C,L,,,,45.5,72.0,No failure
C,L,,,,43.9,30.0,No failure
B,M,,,1652.0,31.0,,No failure
C,M,,,,37.7,79.0,No failure
B,H,,,1589.0,37.9,,No failure
B,H,,,1517.0,41.4,,No failure
B,L,,,1267.0,68.2,,Power Failure
C,L,,,,41.3,165.0,No failure
B,M,,,1627.0,33.2,,No failure
B,H,,,1426.0,44.3,,No failure
C,L,,,,40.5,215.0,No failure
C,L,,,,47.7,168.0,No failure
A,M,299.8,309.5,1453.0,,,No failure
B,L,,,1946.0,21.1,,No failure
C,L,,,,54.0,129.0,No failure
B,M,,,1531.0,48.3,,No failure
A,M,301.3,310.9,1512.0,,,No failure
C,H,,,,50.7,2.0,No failure
C,L,,,,28.1,19.0,No failure
A,L,301.7,310.7,1641.0,,,No failure
A,M,302.4,311.4,1534.0,,,No failure
B,M,,,1289.0,51.5,,No failure
B,L,,,1412.0,42.1,,No failure
A,M,299.8,309.1,1496.0,,,No failure
B,L,,,1363.0,60.9,,No failure
A,H,300.9,312.0,2129.0,,,No failure
C,H,,,,42.2,98.0,No failure
C,L,,,,53.2,4.0,No failure
C,L,,,,23.9,244.0,No failure
B,L,,,1507.0,38.2,,No failure
C,M,,,,23.0,135.0,No failure
A,L,298.2,308.1,1379.0,,,No failure
C,M,,,,24.3,68.0,No failure
B,L,,,1473.0,46.2,,No failure
B,L,,,1705.0,29.5,,No failure
B,M,,,1594.0,35.8,,No failure
B,L,,,1496.0,37.9,,No failure
C,L,,,,39.4,155.0,No failure
B,L,,,1823.0,26.1,,No failure
B,M,,,1609.0,27.6,,No failure
A,L,297.4,307.9,1557.0,,,No failure
A,M,301.8,310.7,1420.0,,,No failure
C,M,,,,44.5,49.0,No failure
A,L,301.9,311.0,1642.0,,,No failure
A,M,302.0,310.9,1558.0,,,No failure
C,L,,,,23.3,205.0,Tool Wear Failure
C,L,,,,31.7,202.0,No failure
A,L,301.6,310.8,1564.0,,,No failure
C,M,,,,33.4,112.0,No failure
A,L,299.8,309.3,1386.0,,,No failure
B,L,,,1601.0,35.3,,No failure
A,L,299.8,309.6,1374.0,,,No failure
B,L,,,1644.0,31.6,,No failure
C,M,,,,41.1,53.0,No failure
C,L,,,,47.3,62.0,No failure
B,M,,,1988.0,19.7,,No failure
A,L,297.9,309.1,1543.0,,,No failure
B,M,,,1456.0,43.7,,No failure
B,H,,,1497.0,43.8,,No failure
C,L,,,,44.5,176.0,No failure
A,L,299.5,310.0,1412.0,,,No failure
B,L,,,1415.0,48.2,,No failure
A,M,302.3,310.9,1523.0,,,No failure
C,H,,,,36.1,225.0,Tool Wear Failure
B,L,,,1357.0,47.3,,No failure
A,L,299.2,308.9,1588.0,,,No failure
C,L,,,,36.8,172.0,No failure
A,L,300.4,309.6,1553.0,,,No failure
A,L,303.1,311.2,1394.0,,,No failure
A,M,299.7,311.2,1560.0,,,No failure
C,M,,,,51.6,126.0,No failure
A,L,300.7,309.9,1815.0,,,No failure
C,L,,,,42.6,54.0,No failure
A,L,300.8,310.5,1482.0,,,No failure
C,L,,,,61.0,157.0,No failure
B,H,,,1417.0,53.4,,No failure
A,L,300.0,309.2,1759.0,,,No failure
B,M,,,1477.0,44.2,,No failure
A,L,298.8,309.8,1753.0,,,No failure
A,L,298.0,308.7,1443.0,,,No failure
A,L,300.5,310.5,1409.0,,,No failure
A,L,298.3,308.9,1379.0,,,No failure
B,M,,,1600.0,36.0,,No failure
C,L,,,,36.7,117.0,No failure
A,L,298.3,308.4,1408.0,,,No failure
A,H,297.7,309.7,1440.0,,,No failure
B,M,,,1452.0,44.1,,No failure
C,L,,,,38.4,49.0,No failure
C,M,,,,35.2,29.0,No failure
A,L,296.8,307.6,1368.0,,,No failure
B,M,,,1615.0,31.8,,No failure
A,M,297.9,307.9,1540.0,,,No failure
A,L,297.2,308.5,2182.0,,,No failure
C,M,,,,47.6,37.0,No failure
B,L,,,1535.0,38.0,,No failure
A,L,298.8,309.5,1645.0,,,No failure
B,M,,,1617.0,31.0,,No failure
B,L,,,1477.0,41.7,,No failure
C,M,,,,43.4,154.0,No failure
C,L,,,,47.2,202.0,No failure
A,L,298.2,308.9,1332.0,,,No failure
B,M,,,1442.0,48.1,,No failure
A,M,299.1,308.9,1476.0,,,No failure
B,L,,,1559.0,39.4,,No failure
A,L,298.6,309.1,1537.0,,,No failure
C,L,,,,31.0,152.0,No failure
B,M,,,1455.0,49.9,,No failure
B,M,,,1485.0,47.9,,No failure
A,L,297.6,309.5,1373.0,,,No failure
C,L,,,,44.0,146.0,No failure
C,L,,,,49.8,66.0,No failure
B,L,,,1489.0,42.3,,No failure
A,L,297.4,308.6,1276.0,,,No failure
C,M,,,,31.3,159.0,No failure
B,L,,,1496.0,37.7,,No failure
B,L,,,1492.0,41.2,,No failure
A,M,300.4,310.5,1540.0,,,No failure
C,M,,,,31.4,32.0,No failure
C,L,,,,44.3,214.0,No failure
B,L,,,1314.0,48.2,,No failure
C,H,,,,35.3,208.0,No failure
A,L,302.8,312.1,1487.0,,,No failure
B,L,,,1544.0,42.5,,No failure
B,L,,,1560.0,37.9,,No failure
B,M,,,1367.0,63.2,,Power Failure
B,L,,,1404.0,43.5,,No failure
C,L,,,,36.7,118.0,No failure
A,M,298.2,307.7,1608.0,,,No failure
A,M,302.5,310.4,1605.0,,,No failure
A,L,300.0,309.1,1465.0,,,No failure
C,L,,,,45.1,185.0,No failure
C,M,,,,58.7,68.0,No failure
A,L,300.5,310.6,1543.0,,,No failure
B,M,,,1480.0,43.2,,No failure
A,H,298.0,309.4,1490.0,,,No failure
C,M,,,,23.0,156.0,No failure
A,L,297.7,308.7,1731.0,,,No failure
A,L,303.1,311.2,1679.0,,,No failure
B,L,,,1515.0,37.3,,No failure
A,L,303.8,312.8,1428.0,,,No failure
B,L,,,1534.0,39.7,,No failure
B,L,,,1610.0,33.7,,No failure
A,L,297.1,308.1,1487.0,,,No failure
C,L,,,,32.6,177.0,No failure
A,H,303.8,312.6,1811.0,,,No failure
B,L,,,1353.0,60.4,,No failure
C,L,,,,29.4,47.0,No failure
B,M,,,1441.0,43.9,,No failure
B,M,,,1702.0,30.7,,No failure
B,L,,,1470.0,43.5,,No failure
A,L,300.6,310.6,1497.0,,,No failure
B,M,,,1525.0,42.0,,No failure
C,H,,,,28.0,36.0,No failure
B,L,,,1477.0,35.6,,No failure
B,H,,,1549.0,42.8,,No failure
C,L,,,,43.9,91.0,No failure
C,M,,,,30.3,115.0,No failure
B,M,,,1483.0,44.8,,No failure
A,M,302.5,310.5,1918.0,,,No failure
C,L,,,,39.9,175.0,No failure
B,L,,,1382.0,52.0,,No failure
B,L,,,1612.0,35.4,,No failure
C,L,,,,30.2,34.0,No failure
B,M,,,1702.0,29.3,,No failure
B,L,,,1462.0,50.8,,No failure
A,L,296.9,308.0,1713.0,,,No failure
C,L,,,,46.5,75.0,No failure
B,L,,,1544.0,31.4,,No failure
A,M,297.1,308.4,1502.0,,,No failure
A,M,300.5,309.8,1555.0,,,No failure
B,L,,,1400.0,41.6,,No failure
A,L,303.0,312.5,1626.0,,,No failure
B,H,,,1420.0,39.2,,No failure
C,L,,,,32.3,76.0,No failure
C,L,,,,43.1,13.0,No failure
A,L,300.8,312.0,1382.0,,,No failure
A,L,301.1,311.1,1470.0,,,No failure
C,H,,,,37.9,24.0,No failure
B,L,,,1672.0,29.7,,No failure
C,H,,,,42.9,212.0,No failure
A,L,298.2,308.9,1367.0,,,No failure
A,M,300.1,309.1,1731.0,,,No failure
B,L,,,1553.0,38.0,,No failure
B,L,,,1510.0,45.4,,No failure
A,L,297.1,308.0,1348.0,,,No failure
B,L,,,1798.0,23.2,,No failure
C,L,,,,37.3,20.0,No failure
A,M,298.9,309.8,1392.0,,,No failure
C,M,,,,61.8,45.0,No failure
B,M,,,1457.0,36.7,,No failure
C,L,,,,42.7,130.0,No failure
B,M,,,1447.0,42.9,,No failure
C,H,,,,47.6,79.0,No failure
B,H,,,1453.0,45.8,,No failure
C,M,,,,33.5,185.0,No failure
A,L,299.4,308.7,1681.0,,,No failure
B,L,,,1350.0,57.6,,No failure
A,L,300.3,311.6,1515.0,,,No failure
C,L,,,,40.2,191.0,No failure
B,L,,,1331.0,46.4,,No failure
B,M,,,1627.0,34.3,,No failure
A,M,300.2,311.6,1608.0,,,No failure
B,H,,,1442.0,49.2,,No failure
C,L,,,,38.3,21.0,No failure
C,L,,,,61.8,209.0,Overstrain Failure
A,L,301.9,309.7,1719.0,,,No failure
A,M,304.2,313.2,1396.0,,,No failure
A,H,302.1,310.1,1615.0,,,No failure
A,L,295.5,306.2,1448.0,,,No failure
B,L,,,1738.0,25.3,,No failure
C,L,,,,39.2,107.0,No failure
B,L,,,1484.0,43.8,,No failure
C,L,,,,46.7,74.0,No failure
B,M,,,1546.0,39.8,,No failure
C,L,,,,50.9,66.0,No failure
C,M,,,,48.5,33.0,No failure
B,L,,,1546.0,37.7,,No failure
A,L,298.2,309.1,1350.0,,,No failure
A,L,304.2,313.4,1434.0,,,No failure
B,M,,,1611.0,31.6,,No failure
C,H,,,,46.5,186.0,No failure
C,L,,,,39.2,12.0,No failure
A,M,298.7,310.1,1693.0,,,No failure
B,M,,,1619.0,31.3,,No failure
B,L,,,1597.0,30.5,,No failure
A,L,298.2,308.7,2186.0,,,No failure
A,L,301.4,310.4,1301.0,,,No failure
C,M,,,,24.2,97.0,No failure
C,L,,,,43.1,137.0,No failure
B,H,,,1707.0,27.6,,No failure
C,M,,,,55.7,102.0,No failure
A,L,303.7,312.3,1922.0,,,No failure
B,L,,,1822.0,23.5,,No failure
A,M,303.7,313.0,1469.0,,,No failure
C,M,,,,60.7,100.0,No failure
A,L,299.9,311.3,1371.0,,,No failure
B,M,,,1364.0,49.3,,No failure
C,L,,,,48.9,28.0,No failure
C,L,,,,44.2,148.0,No failure
C,L,,,,37.4,148.0,No failure
C,L,,,,46.8,118.0,No failure
A,H,296.9,307.7,1656.0,,,No failure
A,L,298.7,309.7,1462.0,,,No failure
B,M,,,1566.0,38.2,,No failure
B,L,,,1654.0,28.9,,No failure
B,L,,,1382.0,47.1,,No failure
C,M,,,,36.7,115.0,No failure
B,L,,,1668.0,27.1,,No failure
A,L,298.8,309.8,1334.0,,,No failure
B,L,,,1228.0,66.4,,No failure
B,M,,,1566.0,33.8,,No failure
A,M,303.9,313.1,1668.0,,,No failure
C,M,,,,46.5,185.0,No failure
B,L,,,1407.0,45.1,,No failure
C,M,,,,28.6,18.0,No failure
A,L,300.0,309.5,1675.0,,,No failure
A,L,300.2,311.6,1500.0,,,No failure
B,L,,,1531.0,38.7,,No failure
B,L,,,1439.0,44.9,,No failure
A,L,299.0,309.9,1548.0,,,No failure
C,L,,,,45.7,202.0,No failure
C,L,,,,53.1,212.0,Overstrain Failure
B,L,,,1469.0,40.1,,No failure
C,M,,,,28.7,83.0,No failure
A,L,300.3,309.9,1393.0,,,No failure
C,M,,,,58.6,102.0,No failure
B,L,,,1671.0,35.0,,No failure
B,L,,,1340.0,56.0,,No failure
C,L,,,,31.6,52.0,No failure
A,M,298.6,308.2,1488.0,,,No failure
B,L,,,1467.0,36.8,,No failure
C,L,,,,26.1,169.0,No failure
C,L,,,,37.0,49.0,No failure
C,L,,,,40.4,28.0,No failure
C,L,,,,44.2,97.0,No failure
A,L,301.2,310.4,1381.0,,,No failure
B,L,,,1484.0,43.4,,No failure
B,L,,,1533.0,38.5,,No failure
C,L,,,,45.3,15.0,No failure
B,M,,,1500.0,43.3,,No failure
B,L,,,1305.0,47.2,,No failure
A,L,300.4,311.4,1662.0,,,No failure
B,L,,,1946.0,20.5,,No failure
A,L,301.4,310.7,1509.0,,,No failure
A,L,299.8,309.2,1439.0,,,No failure
C,L,,,,34.1,128.0,No failure
B,L,,,1407.0,40.5,,No failure
A,L,297.5,308.7,1454.0,,,No failure
C,L,,,,56.1,110.0,No failure
B,L,,,1649.0,33.2,,No failure
A,M,298.7,309.5,1487.0,,,No failure
C,M,,,,30.9,31.0,No failure
C,L,,,,38.4,146.0,No failure
A,L,301.8,310.3,1765.0,,,No failure
C,M,,,,25.5,46.0,No failure
B,L,,,1372.0,39.6,,No failure
C,L,,,,55.6,150.0,No failure
C,L,,,,47.8,131.0,No failure
C,L,,,,49.6,10.0,No failure
B,M,,,1402.0,47.5,,No failure
C,L,,,,51.6,50.0,No failure
C,L,,,,40.6,147.0,No failure
A,L,300.2,311.6,1446.0,,,No failure
C,M,,,,49.5,140.0,No failure
C,L,,,,43.9,116.0,No failure
B,L,,,1427.0,43.3,,No failure
B,M,,,1309.0,43.3,,No failure
A,L,298.9,308.5,1467.0,,,No failure
B,L,,,1493.0,41.2,,No failure
A,L,300.5,310.6,1540.0,,,No failure
B,L,,,1435.0,45.6,,No failure
A,L,297.8,307.4,1512.0,,,No failure
A,L,299.8,309.2,1479.0,,,No failure
B,M,,,1924.0,22.6,,No failure
B,M,,,1601.0,33.0,,No failure
C,L,,,,53.5,7.0,No failure
B,M,,,1479.0,58.5,,Power Failure
B,M,,,1505.0,38.9,,No failure
A,L,300.6,309.8,1455.0,,,No failure
B,L,,,1436.0,41.8,,No failure
A,L,301.7,310.1,1384.0,,,No failure
B,M,,,1598.0,33.4,,No failure
A,M,303.4,311.6,1425.0,,,No failure
C,L,,,,42.9,5.0,No failure
B,M,,,1435.0,48.0,,No failure
C,M,,,,56.1,177.0,No failure
A,M,300.3,309.5,1448.0,,,No failure
B,L,,,1819.0,23.4,,No failure
C,L,,,,29.8,25.0,No failure
A,L,298.8,309.7,1740.0,,,No failure
C,H,,,,39.7,187.0,No failure
C,L,,,,60.3,163.0,No failure
B,M,,,1463.0,45.5,,No failure
A,L,297.4,309.2,1437.0,,,No failure
C,M,,,,31.9,161.0,No failure
A,M,300.7,309.6,1525.0,,,No failure
C,L,,,,28.4,158.0,No failure
C,M,,,,42.8,30.0,No failure
C,M,,,,43.2,113.0,No failure
B,L,,,1547.0,40.3,,No failure
C,H,,,,45.3,133.0,No failure
B,M,,,1465.0,41.4,,No failure
C,L,,,,29.5,100.0,No failure
B,L,,,1682.0,30.9,,No failure
A,L,297.5,308.5,1335.0,,,No failure
C,L,,,,27.3,67.0,No failure
A,M,302.6,310.5,1965.0,,,No failure
B,L,,,1629.0,37.6,,No failure
B,L,,,1619.0,33.4,,No failure
B,L,,,1504.0,39.1,,No failure
C,H,,,,38.2,117.0,No failure
A,L,298.9,309.9,1526.0,,,No failure
C,L,,,,30.2,214.0,No failure
B,M,,,1430.0,53.5,,No failure
A,M,301.2,310.9,1424.0,,,No failure
C,H,,,,65.3,208.0,Overstrain Failure
C,M,,,,34.9,106.0,No failure
C,H,,,,35.8,175.0,No failure
B,L,,,1573.0,31.2,,No failure
C,L,,,,51.3,57.0,No failure
A,M,299.3,308.9,1767.0,,,No failure
C,M,,,,45.0,183.0,No failure
C,H,,,,43.4,126.0,No failure
B,H,,,1703.0,31.4,,No failure
C,L,,,,44.2,76.0,No failure
B,L,,,1747.0,31.0,,No failure
C,L,,,,40.4,217.0,No failure
C,L,,,,42.0,141.0,No failure
C,M,,,,23.1,159.0,No failure
C,L,,,,44.7,179.0,No failure
B,M,,,1558.0,32.6,,No failure
C,M,,,,49.0,214.0,No failure
A,L,300.7,309.8,1596.0,,,No failure
C,L,,,,43.5,222.0,No failure
C,L,,,,41.5,197.0,No failure
A,M,298.3,307.8,1330.0,,,No failure
B,M,,,1675.0,35.5,,No failure
A,M,304.2,313.5,1532.0,,,No failure
C,L,,,,50.6,143.0,No failure
B,L,,,1568.0,34.4,,No failure
B,M,,,1555.0,40.6,,No failure
B,M,,,1510.0,40.8,,No failure
C,L,,,,51.2,174.0,No failure
A,L,302.5,310.2,1547.0,,,No failure
C,L,,,,29.1,141.0,No failure
C,M,,,,39.5,89.0,No failure
C,L,,,,34.8,87.0,No failure
A,L,299.3,308.8,1341.0,,,No failure
A,L,295.6,306.2,1569.0,,,No failure
C,M,,,,31.2,37.0,No failure
C,M,,,,31.1,191.0,No failure
B,M,,,1376.0,57.0,,No failure
C,L,,,,22.0,24.0,No failure
A,L,298.0,308.1,1877.0,,,No failure
A,M,299.6,309.0,1245.0,,,No failure
C,M,,,,52.7,46.0,No failure
A,L,300.7,310.2,1642.0,,,No failure
A,M,298.1,308.3,1453.0,,,No failure
B,M,,,1600.0,35.3,,No failure
A,L,303.7,312.3,1606.0,,,No failure
A,M,301.4,310.5,1217.0,,,No failure
A,M,298.0,309.0,1439.0,,,No failure
A,L,302.2,311.5,1489.0,,,No failure
B,L,,,1457.0,45.5,,No failure
A,L,298.2,308.7,1436.0,,,No failure
A,L,300.9,311.0,2003.0,,,No failure
A,L,300.1,309.8,1506.0,,,No failure
B,M,,,1357.0,54.5,,No failure
B,L,,,1465.0,43.8,,No failure
B,L,,,1499.0,42.3,,No failure
B,H,,,1505.0,43.6,,No failure
A,M,299.0,310.6,1587.0,,,No failure
A,H,301.9,311.0,1430.0,,,No failure
A,M,301.3,310.4,1501.0,,,No failure
C,L,,,,24.8,99.0,No failure
C,L,,,,48.4,194.0,No failure
A,L,303.7,312.6,1621.0,,,No failure
A,L,298.4,309.2,1583.0,,,No failure
C,L,,,,32.5,207.0,No failure
C,L,,,,47.5,3.0,No failure
C,L,,,,45.9,144.0,No failure
C,L,,,,43.3,134.0,No failure
C,M,,,,31.6,101.0,No failure
A,L,301.8,310.7,1597.0,,,No failure
B,L,,,1326.0,52.4,,No failure
A,M,296.9,307.8,1544.0,,,No failure
A,L,299.0,308.6,1329.0,,,No failure
C,M,,,,36.1,126.0,No failure
C,M,,,,35.3,149.0,No failure
B,H,,,1454.0,51.2,,No failure
B,L,,,1741.0,28.8,,No failure
A,M,300.4,309.4,1362.0,,,No failure
C,L,,,,42.4,124.0,No failure
B,M,,,1577.0,33.2,,No failure
B,M,,,1417.0,51.5,,No failure
B,M,,,1336.0,54.4,,No failure
A,L,298.0,308.9,1406.0,,,No failure
A,M,303.3,311.5,1373.0,,,Heat Dissipation Failure
C,L,,,,30.0,158.0,No failure
A,M,301.3,310.6,1499.0,,,No failure
C,L,,,,22.7,135.0,No failure
C,L,,,,32.9,52.0,No failure
A,H,303.3,312.6,1827.0,,,No failure
C,H,,,,41.4,156.0,No failure
A,L,302.6,311.8,1627.0,,,No failure
A,M,297.4,308.3,1774.0,,,No failure
A,L,301.1,310.1,1564.0,,,No failure
B,L,,,1584.0,34.4,,No failure
A,L,299.1,308.8,1502.0,,,No failure
B,L,,,1459.0,39.7,,No failure
B,L,,,1449.0,40.2,,No failure
B,L,,,1392.0,44.1,,No failure
C,L,,,,58.1,184.0,No failure
A,M,299.2,308.3,1755.0,,,No failure
A,M,299.3,308.9,1577.0,,,No failure
C,L,,,,28.9,20.0,No failure
B,M,,,1581.0,37.5,,No failure
A,L,301.9,311.3,1366.0,,,No failure
C,M,,,,62.4,204.0,Overstrain Failure
A,L,302.1,310.5,1696.0,,,No failure
A,M,296.8,307.9,1418.0,,,No failure
C,L,,,,50.5,136.0,No failure
C,L,,,,34.6,94.0,No failure
B,M,,,1535.0,38.3,,No failure
B,M,,,1410.0,44.4,,No failure
A,L,301.2,310.9,1416.0,,,No failure
C,M,,,,44.4,20.0,No failure
C,H,,,,30.8,2.0,No failure
C,L,,,,48.6,124.0,No failure
A,L,299.7,310.6,1616.0,,,No failure
A,L,302.3,311.3,1457.0,,,No failure
C,L,,,,55.6,108.0,No failure
C,M,,,,57.1,71.0,No failure
B,L,,,1465.0,59.1,,Power Failure
C,L,,,,27.4,44.0,No failure
C,L,,,,32.2,12.0,No failure
B,M,,,1608.0,40.6,,No failure
A,L,300.0,311.4,1383.0,,,No failure
A,L,303.0,312.3,1932.0,,,No failure
A,L,300.4,310.8,1520.0,,,No failure
A,L,301.0,310.9,1809.0,,,No failure
B,L,,,1578.0,31.2,,No failure
B,L,,,1487.0,41.4,,No failure
A,L,299.1,308.7,1498.0,,,No failure
A,L,299.2,308.6,1381.0,,,No failure
A,L,300.8,309.7,1997.0,,,No failure
A,L,300.9,310.5,1565.0,,,No failure
C,M,,,,39.0,97.0,No failure
C,L,,,,50.4,70.0,No failure
C,L,,,,38.3,14.0,No failure
C,M,,,,47.4,90.0,No failure
A,L,297.4,309.2,1274.0,,,No failure
B,H,,,1555.0,40.4,,No failure
C,L,,,,46.7,90.0,No failure
C,H,,,,40.1,220.0,No failure
A,L,301.8,310.8,1576.0,,,No failure
B,L,,,1720.0,30.3,,No failure
C,L,,,,40.4,126.0,No failure
C,L,,,,49.6,191.0,No failure
C,M,,,,35.2,97.0,No failure
B,L,,,1390.0,44.6,,No failure
B,L,,,1469.0,42.8,,No failure
C,H,,,,33.1,187.0,No failure
A,L,302.5,312.0,1383.0,,,No failure
C,H,,,,36.7,137.0,No failure
C,L,,,,48.9,185.0,No failure
C,L,,,,27.2,188.0,No failure
B,L,,,1332.0,53.9,,No failure
A,M,300.4,311.8,1362.0,,,No failure
B,M,,,1384.0,54.8,,No failure
A,L,298.5,309.4,1548.0,,,No failure
C,L,,,,47.7,82.0,No failure
A,M,299.7,311.0,1506.0,,,No failure
C,L,,,,42.5,194.0,No failure
C,M,,,,25.4,88.0,No failure
C,L,,,,45.7,178.0,No failure
C,L,,,,31.2,145.0,No failure
C,L,,,,50.9,99.0,No failure
C,M,,,,41.7,100.0,No failure
B,L,,,1361.0,53.8,,No failure
B,L,,,1795.0,24.7,,No failure
C,L,,,,46.3,44.0,No failure
B,L,,,1417.0,41.8,,No failure
C,M,,,,52.6,101.0,No failure
A,L,301.3,311.3,1509.0,,,No failure
B,L,,,1329.0,54.9,,No failure
A,H,303.8,312.5,1525.0,,,No failure
A,L,301.4,311.1,1462.0,,,No failure
C,M,,,,28.0,178.0,No failure
C,L,,,,29.7,83.0,No failure
A,L,299.9,310.3,1638.0,,,No failure
B,M,,,1704.0,29.2,,No failure
C,L,,,,64.8,71.0,No failure
C,L,,,,64.4,113.0,No failure
A,L,300.8,312.1,1505.0,,,No failure
B,L,,,1651.0,34.1,,No failure
A,L,296.5,307.6,1431.0,,,No failure
B,L,,,1313.0,67.3,,Power Failure
B,M,,,1363.0,46.1,,No failure
C,L,,,,33.8,171.0,No failure
C,L,,,,21.8,209.0,No failure
A,L,298.9,308.7,1438.0,,,No failure
B,L,,,1349.0,51.0,,No failure
C,L,,,,32.3,50.0,No failure
C,H,,,,36.3,5.0,No failure
C,H,,,,40.4,108.0,No failure
A,L,302.6,311.8,1427.0,,,No failure
B,M,,,1772.0,28.4,,No failure
C,L,,,,36.2,57.0,No failure
B,L,,,1435.0,38.5,,No failure
B,L,,,1304.0,45.0,,No failure
C,L,,,,29.7,89.0,No failure
A,L,297.5,308.2,1489.0,,,No failure
B,L,,,2261.0,14.9,,No failure
B,L,,,1642.0,34.5,,No failure
A,L,302.9,312.4,1424.0,,,No failure
C,M,,,,42.9,94.0,No failure
C,M,,,,43.4,41.0,No failure
C,L,,,,31.6,84.0,No failure
B,L,,,1634.0,29.2,,No failure
A,L,302.0,310.8,2143.0,,,No failure
B,L,,,1309.0,56.2,,No failure
C,M,,,,36.5,195.0,No failure
B,L,,,1761.0,24.3,,No failure
A,M,299.8,310.6,1574.0,,,No failure
C,L,,,,35.0,99.0,No failure
B,M,,,1855.0,23.9,,No failure
B,L,,,1322.0,67.2,,Power Failure
B,M,,,1405.0,47.6,,No failure
C,L,,,,58.7,213.0,Overstrain Failure
B,M,,,1643.0,31.0,,No failure
A,L,302.5,310.3,1539.0,,,No failure
B,M,,,1300.0,62.7,,No failure
B,H,,,1495.0,36.5,,No failure
A,L,303.6,311.8,1222.0,,,Heat Dissipation Failure
C,M,,,,46.8,89.0,No failure
C,H,,,,35.8,206.0,Tool Wear Failure
B,L,,,1375.0,53.2,,No failure
B,M,,,1855.0,25.3,,No failure
A,H,302.3,311.4,1372.0,,,No failure
C,L,,,,40.8,11.0,No failure
C,M,,,,43.6,203.0,No failure
B,M,,,1391.0,50.4,,No failure
A,L,300.4,309.9,1496.0,,,No failure
B,M,,,1456.0,50.0,,No failure
A,M,298.0,309.2,1438.0,,,No failure
A,M,297.7,309.6,1596.0,,,No failure
A,L,303.1,312.5,1453.0,,,No failure
A,L,299.8,309.7,1483.0,,,No failure
B,M,,,1537.0,35.4,,No failure
A,H,300.9,310.8,1390.0,,,No failure
C,L,,,,41.4,2.0,No failure
C,L,,,,36.2,84.0,No failure
B,L,,,1585.0,35.2,,No failure
B,L,,,1431.0,49.0,,No failure
C,L,,,,41.2,105.0,No failure
A,M,302.4,311.9,1398.0,,,No failure
A,M,298.0,307.5,1784.0,,,No failure
B,L,,,1537.0,43.0,,No failure
A,M,297.9,308.9,1547.0,,,No failure
B,L,,,1290.0,70.0,,Power Failure
C,L,,,,57.8,27.0,No failure
B,H,,,1537.0,36.6,,No failure
C,H,,,,48.6,204.0,No failure
C,H,,,,42.2,199.0,No failure
C,L,,,,50.4,131.0,No failure
A,H,296.6,307.4,1406.0,,,No failure
C,M,,,,55.1,9.0,No failure
C,L,,,,48.4,110.0,No failure
A,L,301.7,311.2,1589.0,,,No failure
B,L,,,1382.0,46.5,,No failure
B,L,,,1366.0,49.1,,No failure
A,L,298.7,309.8,1539.0,,,No failure
C,M,,,,47.1,209.0,No failure
B,L,,,1542.0,36.7,,No failure
A,L,300.5,311.1,1547.0,,,No failure
A,M,297.1,308.0,1690.0,,,No failure
B,L,,,1537.0,37.7,,No failure
A,L,300.3,311.7,1365.0,,,No failure
C,L,,,,32.4,69.0,No failure
B,M,,,1343.0,51.6,,No failure
A,M,297.3,308.6,1431.0,,,No failure
B,M,,,1284.0,68.2,,Power Failure
C,L,,,,27.5,101.0,No failure
A,L,300.1,309.5,1353.0,,,No failure
B,L,,,1633.0,30.9,,No failure
C,L,,,,42.6,158.0,No failure
A,L,302.7,312.0,1828.0,,,No failure
B,M,,,1430.0,44.5,,No failure
A,M,303.4,312.9,1307.0,,,No failure
B,L,,,1320.0,67.5,,Power Failure
B,L,,,1419.0,43.7,,No failure
A,M,299.2,310.3,1551.0,,,No failure
C,L,,,,44.9,77.0,No failure
A,L,303.4,312.7,1534.0,,,No failure
B,L,,,1651.0,28.5,,No failure
C,M,,,,53.1,7.0,No failure
A,L,297.4,308.2,1639.0,,,No failure
A,H,301.9,311.0,1291.0,,,No failure
B,L,,,1516.0,46.0,,No failure
C,L,,,,52.7,106.0,No failure
B,L,,,1428.0,43.8,,No failure
C,M,,,,24.2,212.0,No failure
B,M,,,2243.0,15.7,,No failure
B,M,,,1523.0,40.9,,No failure
A,L,295.5,306.0,1800.0,,,No failure
C,M,,,,44.5,30.0,No failure
C,L,,,,32.8,51.0,No failure
A,M,297.9,307.4,1435.0,,,No failure
C,L,,,,39.4,159.0,No failure
C,M,,,,18.2,205.0,No failure
C,L,,,,50.3,231.0,Overstrain Failure
B,L,,,1496.0,35.2,,No failure
B,H,,,1547.0,50.7,,No failure
A,L,303.0,311.2,1374.0,,,Heat Dissipation Failure
C,L,,,,46.3,14.0,No failure
B,L,,,1510.0,37.3,,No failure
B,M,,,2179.0,16.3,,No failure
A,L,300.3,309.2,1649.0,,,No failure
A,L,303.4,312.8,1513.0,,,No failure
A,L,298.3,308.9,1862.0,,,No failure
C,L,,,,33.7,143.0,No failure
B,M,,,1433.0,38.5,,No failure
B,H,,,1403.0,46.2,,No failure
A,M,299.5,309.0,1399.0,,,No failure
C,L,,,,32.3,49.0,No failure
B,L,,,1393.0,45.5,,No failure
B,M,,,1418.0,49.3,,No failure
B,L,,,1622.0,33.6,,No failure
B,H,,,1423.0,44.6,,No failure
A,L,297.6,308.4,1460.0,,,No failure
C,L,,,,47.0,65.0,No failure
A,L,300.3,309.9,1377.0,,,No failure
B,M,,,1310.0,56.1,,No failure
C,M,,,,42.3,121.0,No failure
B,L,,,1542.0,35.5,,No failure
C,L,,,,29.5,0.0,No failure
A,L,299.0,308.6,1661.0,,,No failure
C,L,,,,50.3,24.0,No failure
B,L,,,1703.0,30.4,,No failure
B,L,,,1513.0,40.3,,No failure
A,M,303.0,311.1,1372.0,,,Heat Dissipation Failure
B,L,,,1357.0,48.2,,No failure
A,M,302.3,311.4,1479.0,,,No failure
C,L,,,,25.9,8.0,No failure
C,M,,,,30.7,34.0,No failure
B,L,,,1449.0,46.5,,No failure
A,L,301.1,311.1,1711.0,,,No failure
A,L,303.1,311.3,1657.0,,,No failure
B,H,,,1590.0,43.4,,No failure
B,L,,,1539.0,32.8,,No failure
B,L,,,1701.0,27.2,,No failure
C,L,,,,52.9,218.0,Overstrain Failure
A,L,298.0,307.6,1450.0,,,No failure
C,M,,,,36.4,84.0,No failure
A,L,297.2,308.6,1652.0,,,No failure
B,L,,,1584.0,34.4,,No failure
B,L,,,1555.0,33.7,,No failure
A,L,298.4,308.9,1628.0,,,No failure
B,M,,,1842.0,23.9,,No failure
B,L,,,1654.0,32.8,,No failure
B,L,,,1736.0,32.9,,No failure
C,L,,,,56.1,206.0,Overstrain Failure
B,L,,,1404.0,61.5,,Power Failure
C,L,,,,35.9,104.0,No failure
A,M,301.0,312.1,1664.0,,,No failure
B,L,,,1403.0,51.3,,No failure
C,L,,,,38.0,111.0,No failure
B,L,,,1354.0,51.8,,No failure
B,M,,,1752.0,26.1,,No failure
C,L,,,,40.7,87.0,No failure
B,L,,,1407.0,55.2,,No failure
A,M,297.9,307.5,1642.0,,,No failure
C,L,,,,34.3,120.0,No failure
C,L,,,,39.2,8.0,No failure
A,H,298.5,309.4,1573.0,,,No failure
C,M,,,,28.3,116.0,No failure
B,M,,,1458.0,38.8,,No failure
C,L,,,,43.3,155.0,No failure
A,L,299.9,309.4,1322.0,,,No failure
B,L,,,1754.0,29.4,,No failure
B,L,,,1615.0,30.8,,No failure
A,L,299.6,309.1,1369.0,,,No failure
C,L,,,,33.0,101.0,No failure
C,M,,,,44.9,85.0,No failure
B,L,,,1647.0,31.3,,No failure
A,M,301.2,310.8,1396.0,,,No failure
B,L,,,1421.0,44.6,,No failure
B,L,,,1452.0,46.0,,No failure
A,L,302.5,312.0,1411.0,,,No failure
B,M,,,1483.0,38.1,,No failure
A,L,301.4,310.4,1579.0,,,No failure
C,L,,,,52.4,94.0,No failure
B,L,,,1353.0,50.7,,No failure
B,M,,,1822.0,24.3,,No failure
B,L,,,1369.0,46.2,,No failure
A,M,298.1,308.6,1415.0,,,No failure
C,M,,,,27.3,76.0,No failure
A,H,296.8,308.0,1453.0,,,No failure
B,M,,,1492.0,41.2,,No failure
C,L,,,,66.7,205.0,Overstrain Failure
C,L,,,,55.0,102.0,No failure
A,L,303.6,311.9,1473.0,,,No failure
C,L,,,,42.0,147.0,No failure
B,M,,,1402.0,40.0,,No failure
A,M,298.5,308.8,1553.0,,,No failure
A,L,298.4,307.9,2381.0,,,No failure
B,M,,,1554.0,41.3,,No failure
B,L,,,1418.0,45.9,,No failure
B,L,,,1810.0,26.0,,No failure
A,L,299.1,310.5,1532.0,,,No failure
C,L,,,,50.9,111.0,No failure
C,M,,,,30.1,210.0,No failure
A,L,300.4,311.9,1868.0,,,No failure
C,L,,,,48.6,113.0,No failure
C,L,,,,45.8,192.0,No failure
B,L,,,1261.0,56.6,,No failure
B,L,,,1458.0,41.4,,No failure
A,H,297.0,307.9,1448.0,,,No failure
A,M,298.7,310.1,1549.0,,,No failure
C,L,,,,23.3,172.0,No failure
C,L,,,,48.6,46.0,No failure
C,M,,,,19.2,150.0,No failure
C,M,,,,44.4,24.0,No failure
C,L,,,,33.6,27.0,No failure
A,H,297.7,309.7,1570.0,,,No failure
B,M,,,1526.0,37.3,,No failure
A,H,302.1,310.7,1294.0,,,Heat Dissipation Failure
B,L,,,1491.0,42.0,,No failure
C,M,,,,48.2,82.0,No failure
A,M,300.3,310.2,1429.0,,,No failure
C,L,,,,49.2,179.0,No failure
A,H,300.2,310.3,1408.0,,,No failure
A,L,300.2,309.8,1353.0,,,No failure
C,L,,,,28.4,56.0,No failure
C,M,,,,46.8,116.0,No failure
B,L,,,1331.0,68.6,,Power Failure
B,L,,,1611.0,32.7,,No failure
A,L,299.2,310.4,1379.0,,,No failure
C,M,,,,38.8,198.0,No failure
A,L,300.6,312.0,1490.0,,,No failure
C,M,,,,31.0,100.0,No failure
C,M,,,,32.8,85.0,No failure
B,M,,,1424.0,45.5,,No failure
C,M,,,,45.5,44.0,No failure
C,L,,,,51.9,89.0,No failure
B,L,,,1397.0,53.0,,No failure
B,M,,,1630.0,31.8,,No failure
A,M,304.1,313.5,1587.0,,,No failure
B,L,,,1389.0,46.9,,No failure
A,L,300.8,312.5,1434.0,,,No failure
A,L,300.6,310.1,1495.0,,,No failure
C,M,,,,52.0,34.0,No failure
B,L,,,1353.0,58.7,,No failure
A,H,300.3,311.6,1801.0,,,No failure
C,L,,,,38.6,177.0,No failure
A,L,299.2,308.5,1487.0,,,No failure
A,H,299.9,309.5,1547.0,,,No failure
C,M,,,,20.3,178.0,No failure
B,M,,,2372.0,13.9,,Power Failure
C,L,,,,33.7,175.0,No failure
B,L,,,1577.0,38.1,,No failure
C,L,,,,44.9,135.0,No failure
C,M,,,,23.5,215.0,No failure
B,L,,,1744.0,26.4,,No failure
A,L,297.9,307.5,1561.0,,,No failure
B,M,,,1440.0,43.6,,No failure
C,M,,,,33.0,15.0,No failure
C,M,,,,49.5,0.0,No failure
A,L,300.9,312.1,1462.0,,,No failure
A,L,298.4,309.7,1518.0,,,No failure
C,L,,,,31.7,74.0,No failure
C,L,,,,40.9,85.0,No failure
A,L,300.0,309.5,1728.0,,,No failure
A,M,300.7,311.7,1412.0,,,No failure
C,L,,,,30.4,150.0,No failure
A,L,299.8,309.4,1609.0,,,No failure
C,L,,,,41.6,202.0,No failure
B,M,,,1570.0,34.6,,No failure
A,L,299.7,309.6,1512.0,,,No failure
C,L,,,,38.9,180.0,No failure
A,M,300.8,312.6,1588.0,,,No failure
B,M,,,1443.0,53.3,,No failure
B,L,,,1731.0,28.7,,No failure
C,H,,,,30.6,160.0,No failure
A,M,298.6,310.1,1458.0,,,No failure
A,M,302.1,310.6,1326.0,,,Heat Dissipation Failure
C,M,,,,47.7,70.0,No failure
A,L,295.6,306.3,1911.0,,,No failure
A,M,300.1,311.4,1342.0,,,No failure
C,H,,,,34.5,156.0,No failure
A,L,298.2,308.8,1345.0,,,No failure
C,L,,,,21.5,102.0,No failure
C,L,,,,31.2,172.0,No failure
B,L,,,1496.0,47.4,,No failure
A,L,300.1,311.4,1438.0,,,No failure
A,L,298.1,308.3,1331.0,,,No failure
A,L,297.4,308.3,1347.0,,,No failure
C,L,,,,44.5,14.0,No failure
B,L,,,1710.0,27.2,,No failure
C,L,,,,29.5,107.0,No failure
A,M,299.5,308.7,1321.0,,,No failure
A,M,299.3,308.5,1422.0,,,No failure
B,L,,,1492.0,40.6,,No failure
A,L,303.9,313.0,1483.0,,,No failure
B,L,,,1667.0,28.8,,No failure
A,M,297.1,308.4,1432.0,,,No failure
B,L,,,1889.0,23.5,,No failure
C,M,,,,42.4,224.0,No failure
A,H,298.5,309.4,1417.0,,,No failure
C,M,,,,26.5,63.0,No failure
B,L,,,1471.0,41.4,,No failure
A,M,298.3,309.1,1404.0,,,No failure
C,M,,,,37.7,206.0,No failure
B,L,,,1411.0,46.5,,No failure
C,M,,,,38.4,27.0,No failure
C,M,,,,29.0,216.0,Tool Wear Failure
A,H,301.4,310.1,1623.0,,,No failure
A,M,298.7,309.2,1410.0,,,No failure
A,L,303.5,312.9,1501.0,,,No failure
C,L,,,,54.5,122.0,No failure
C,L,,,,19.2,90.0,No failure
C,L,,,,36.6,218.0,No failure
A,L,298.8,309.1,1489.0,,,No failure
B,L,,,1473.0,44.2,,No failure
B,L,,,1452.0,46.2,,No failure
A,L,300.1,311.3,1547.0,,,No failure
C,L,,,,36.9,192.0,No failure
C,L,,,,38.9,9.0,No failure
B,M,,,1647.0,30.8,,No failure
B,L,,,1552.0,39.9,,No failure
B,L,,,1393.0,47.4,,No failure
B,L,,,1671.0,29.9,,No failure
C,M,,,,24.8,78.0,No failure
C,L,,,,44.3,124.0,No failure
B,L,,,1585.0,37.6,,No failure
C,M,,,,52.2,44.0,No failure
A,M,300.1,309.6,1622.0,,,No failure
C,L,,,,42.7,92.0,No failure
C,M,,,,21.7,32.0,No failure
A,H,300.7,310.5,1567.0,,,No failure
A,L,298.9,308.7,1504.0,,,No failure
A,L,297.2,308.5,1766.0,,,No failure
C,M,,,,51.9,68.0,No failure
